Product_ID,Stock_Quantity,Reorder_Level,Reorder_Quantity,Date_Received,Expiration_Date,Warehouse_Location
29-205-1132,22,72,70,2024-08-16,2024-09-19,48 Del Sol Trail
40-681-9981,45,77,2,2024-11-01,2024-05-08,36 3rd Place
06-955-3428,30,38,83,2024-08-03,2024-09-22,3296 Walton Court
71-594-6552,12,59,62,2024-12-08,2024-04-17,3 Westerfield Crossing
57-437-1828,37,30,74,2024-07-03,2024-10-05,15068 Scoville Court
21-120-6238,55,33,14,2024-12-03,2024-09-05,050 Mcbride Avenue
71-516-1996,96,52,16,2024-03-18,2024-06-20,12 Truax Court
39-629-5554,44,90,17,2025-02-03,2025-02-05,267 International Plaza
66-268-8345,91,84,11,2024-12-04,2025-01-08,550 Clemons Plaza
46-452-9419,43,10,15,2024-11-18,2024-07-08,55782 Welch Hill
51-469-4611,62,81,91,2024-12-18,2025-01-07,04776 Saint Paul Park
42-220-9305,91,98,6,2024-10-19,2024-10-14,61932 Cascade Crossing
75-094-1179,26,79,31,2024-12-13,2024-07-18,13 Forest Run Place
11-073-0189,95,50,76,2024-04-05,2024-05-06,5104 Jana Court
22-621-2774,54,26,16,2024-03-11,2024-06-14,00 Drewry Court
39-449-0772,94,13,15,2024-02-27,2024-10-05,195 Portage Junction
55-936-2406,27,93,88,2024-11-16,2024-04-05,52691 8th Drive
82-041-7211,49,49,26,2024-09-10,2024-07-01,285 1st Park
48-414-6162,55,93,84,2024-05-29,2024-05-05,17780 Lindbergh Junction
76-854-0095,65,61,82,2024-05-31,2024-12-28,7834 Cordelia Alley
25-349-7974,72,70,99,2024-10-07,2024-06-22,42 Bunker Hill Junction
66-627-9752,49,73,48,2024-08-17,2024-09-03,08 Randy Junction
78-614-4402,81,99,28,2024-09-30,2024-04-25,37 Browning Trail
67-025-1245,88,46,55,2024-04-09,2024-08-12,51890 Lindbergh Terrace
68-418-6724,63,4,85,2024-12-21,2024-09-30,49869 Bunker Hill Terrace
40-795-0753,31,43,80,2024-05-28,2024-05-30,66879 Susan Place
02-508-3777,97,88,81,2024-11-05,2024-06-26,895 Northland Hill
79-741-0770,72,87,39,2024-06-24,2024-03-17,91 Kinsman Terrace
31-211-5803,16,9,32,2024-07-16,2025-02-07,492 Shoshone Road
16-499-5059,77,20,5,2024-08-18,2024-12-20,3 Hooker Way
76-340-4432,19,36,72,2024-05-03,2024-03-06,157 David Center
38-732-7667,18,52,22,2024-08-23,2024-09-28,3645 Ridge Oak Drive
04-240-2226,47,48,73,2024-08-13,2024-03-05,504 Green Park
79-136-9840,77,45,75,2024-11-05,2024-06-23,26175 Oxford Way
73-401-5721,46,28,73,2024-05-28,2024-12-26,582 Sauthoff Crossing
91-848-0606,39,22,73,2024-06-11,2024-10-28,13 Corscot Hill
54-109-8062,75,69,100,2024-07-11,2025-02-16,67 Little Fleur Road
70-612-2531,48,48,39,2024-03-17,2024-10-30,4 Raven Drive
26-161-6692,61,90,26,2024-12-22,2024-09-19,70001 Vahlen Lane
43-893-5408,60,90,85,2025-01-21,2024-08-24,6 Orin Place
11-316-8405,24,55,51,2024-04-26,2024-11-25,108 Morning Center
34-086-3222,12,7,48,2024-06-24,2024-06-05,867 Merrick Place
21-816-1004,84,13,88,2025-01-26,2024-07-22,564 Hazelcrest Crossing
43-693-2092,51,100,70,2024-04-30,2024-09-22,76 Toban Plaza
63-270-7076,65,36,37,2024-04-21,2025-01-24,6 Lunder Parkway
90-230-9767,67,88,32,2024-04-06,2024-11-17,00397 Bay Terrace
05-334-2923,14,74,71,2024-08-18,2024-05-16,8 Surrey Pass
52-481-5224,45,24,61,2025-01-21,2025-02-15,80 Old Shore Plaza
11-325-7396,92,46,13,2024-07-28,2024-03-26,387 Jay Point
70-854-6891,41,84,90,2025-01-28,2024-11-12,24045 Bluestem Point
46-520-1819,41,36,78,2024-07-04,2024-05-15,805 Nancy Crossing
91-105-7317,85,45,71,2024-03-20,2025-02-02,44022 Barnett Way
40-751-8635,44,80,84,2024-08-30,2024-03-05,3 Ronald Regan Center
02-920-4829,92,87,84,2024-10-19,2024-05-22,4 Judy Hill
36-918-2937,62,89,18,2024-03-12,2024-11-28,90865 Sherman Court
68-761-6907,26,18,62,2024-07-28,2025-02-02,9695 Alpine Trail
69-468-5468,59,78,6,2024-11-03,2024-11-26,72083 Acker Crossing
27-635-8394,88,37,61,2025-02-03,2024-03-19,812 Shelley Circle
41-729-5410,91,59,49,2024-10-23,2024-06-26,7193 Crownhardt Drive
33-335-9140,28,17,28,2024-10-24,2024-08-27,76928 Tennyson Parkway
11-581-9869,51,60,98,2024-05-01,2024-09-26,44801 Myrtle Center
78-237-0277,46,27,76,2024-09-15,2025-01-13,79 Cardinal Court
75-152-8731,82,65,69,2024-04-11,2024-08-08,622 Anthes Lane
65-718-0492,100,92,26,2024-05-05,2025-02-16,8626 Chinook Parkway
55-697-5242,51,53,88,2025-01-31,2024-09-24,19112 Little Fleur Road
14-844-4138,61,43,29,2025-02-03,2024-03-03,40643 Sullivan Lane
20-225-3930,99,87,10,2024-12-08,2024-03-17,5756 Stephen Avenue
66-993-4234,13,60,100,2024-07-18,2024-06-24,22 Dexter Trail
87-762-1317,45,63,75,2025-01-28,2025-02-09,9305 Warrior Way
81-844-2979,73,87,46,2024-09-24,2024-05-11,16 Elgar Point
44-408-7594,39,21,5,2024-11-24,2025-01-08,81 Oneill Circle
26-010-9519,29,72,96,2024-05-03,2025-01-09,4508 Shopko Trail
65-464-5070,12,60,73,2025-02-03,2024-09-01,00 Luster Alley
07-970-9352,96,33,72,2024-03-10,2024-07-12,459 Gateway Pass
88-746-9468,35,92,74,2024-11-25,2024-11-14,82737 Ryan Place
06-336-5482,89,34,15,2024-12-31,2024-08-24,7 Mockingbird Hill
03-276-3931,60,36,28,2024-06-30,2024-12-20,081 Bellgrove Place
39-232-5341,20,34,74,2024-09-21,2025-02-15,05433 Towne Terrace
12-239-9399,28,40,27,2024-12-14,2024-10-27,924 La Follette Alley
75-080-4909,20,55,15,2024-12-09,2024-09-09,7 Gateway Center
70-815-4015,38,93,61,2024-12-10,2024-08-30,175 Sycamore Circle
11-032-9778,99,1,4,2024-12-13,2024-08-19,553 Mayfield Crossing
54-374-9986,92,52,80,2024-06-03,2024-03-21,74997 Katie Terrace
77-312-6317,41,29,76,2024-02-26,2024-10-01,3616 Carey Pass
13-844-2178,44,67,48,2024-09-05,2024-03-24,86207 Tennyson Parkway
22-141-9798,47,7,63,2024-05-18,2024-04-30,6 Nobel Junction
20-022-3173,21,63,65,2024-10-08,2025-02-22,81878 Nobel Point
26-177-5690,85,33,50,2024-03-06,2025-01-21,61707 Mariners Cove Park
70-871-4536,29,4,17,2025-01-19,2024-06-17,5 Waxwing Junction
06-611-5454,64,21,13,2025-01-30,2024-11-16,16 Autumn Leaf Way
89-543-3456,66,40,96,2024-02-28,2025-02-06,22782 Oriole Way
82-395-5070,75,81,17,2024-07-09,2025-02-20,43442 Homewood Street
14-305-5348,53,63,2,2024-08-02,2024-03-20,19 Shoshone Circle
82-243-3180,43,63,80,2024-06-23,2025-02-11,97 Sunnyside Court
25-010-9478,74,30,24,2024-08-09,2024-07-31,357 Maple Park
13-202-4809,27,22,89,2024-05-01,2024-05-20,6195 Monterey Center
67-270-7464,91,73,77,2025-02-01,2024-12-07,7242 Claremont Avenue
11-733-1756,52,81,53,2024-08-28,2025-02-24,127 Eliot Road
80-988-4653,43,66,85,2024-04-20,2024-04-19,8 Russell Pass
60-343-7973,56,86,23,2024-04-15,2024-04-09,85408 Toban Crossing
34-861-4446,66,40,8,2024-11-27,2025-01-06,113 Donald Court
67-710-5120,84,92,18,2024-10-29,2024-02-25,978 Shasta Lane
49-891-4927,37,5,1,2025-01-02,2024-11-28,46 Hoffman Trail
55-522-8242,29,36,40,2024-11-08,2024-09-07,7 Spohn Avenue
62-509-0666,13,88,7,2024-07-28,2024-07-03,1468 Meadow Vale Court
64-478-4745,63,81,94,2024-06-04,2024-11-19,208 Miller Court
35-835-5591,95,63,73,2024-11-17,2024-03-08,509 Carpenter Trail
26-690-3784,58,5,1,2024-10-02,2024-04-06,19069 Cordelia Drive
67-546-1568,57,36,53,2024-06-04,2024-03-28,203 Mariners Cove Junction
67-625-9704,33,18,92,2024-06-03,2024-07-18,7819 Fallview Park
31-969-4614,62,89,6,2024-09-08,2025-01-15,993 Kensington Drive
50-364-5828,89,57,92,2024-08-15,2024-12-23,772 Golf Course Junction
61-827-4098,23,42,87,2025-02-01,2024-03-24,29992 Warrior Center
87-698-0944,56,12,59,2024-09-17,2025-02-02,8 Heffernan Point
36-636-4873,86,100,74,2024-03-25,2024-05-30,451 Grim Hill
98-556-5323,60,61,2,2024-05-13,2024-08-27,005 Tomscot Hill
97-772-2336,70,30,69,2024-08-13,2024-07-14,9 Bartillon Trail
19-047-4239,47,72,73,2024-05-21,2024-04-30,7 West Street
41-316-8427,95,93,16,2024-11-26,2024-09-21,03416 Valley Edge Circle
15-907-3681,20,42,21,2024-11-28,2025-02-20,21633 Sycamore Center
14-305-9690,19,17,14,2024-08-30,2024-03-10,43107 Schlimgen Circle
40-860-4532,74,72,18,2024-11-15,2025-02-05,988 Southridge Way
44-552-3909,61,50,9,2024-10-08,2025-01-19,6 Charing Cross Circle
75-029-9003,34,42,86,2024-05-16,2024-04-01,19180 Hagan Parkway
74-587-2065,29,20,85,2024-10-27,2024-03-02,84642 Clarendon Point
70-149-6756,14,99,97,2024-04-21,2024-06-26,6 Messerschmidt Place
29-896-7926,20,20,56,2025-01-06,2024-05-06,80930 Briar Crest Point
54-822-9009,40,38,32,2024-10-25,2025-01-03,64389 Arkansas Alley
84-075-7647,91,82,58,2024-04-27,2025-02-22,51 7th Court
88-602-8210,99,96,39,2024-06-22,2024-09-28,042 Di Loreto Court
04-542-3863,34,46,45,2024-10-09,2024-12-22,403 Loomis Way
57-613-5779,100,21,64,2024-06-19,2024-08-29,6 John Wall Plaza
90-737-0044,79,98,97,2024-12-10,2024-05-17,92321 Nelson Trail
28-956-1320,62,2,98,2024-05-23,2024-09-05,95 Onsgard Way
87-791-5803,25,44,96,2024-07-04,2024-09-01,8 Fremont Circle
14-521-4167,47,2,76,2024-05-13,2024-03-06,00847 Reindahl Place
51-572-5497,15,44,88,2024-08-31,2024-04-28,9516 Burrows Circle
28-840-6096,19,65,48,2024-09-09,2024-09-12,92655 Pond Park
44-538-3366,58,77,96,2024-09-11,2024-03-30,46 Cardinal Way
51-459-5630,11,30,4,2024-08-02,2024-12-14,805 Center Parkway
02-655-3240,99,44,52,2024-10-25,2024-06-20,6738 Tennyson Road
42-887-6557,26,82,19,2024-09-23,2024-03-30,61224 Northridge Avenue
96-316-7600,70,31,55,2024-07-31,2024-07-07,6 Swallow Crossing
58-063-8633,50,3,88,2024-07-21,2024-09-22,33424 Express Avenue
43-703-9939,55,91,35,2024-05-08,2025-02-17,4 Sundown Place
88-069-5486,31,87,19,2024-05-23,2024-05-01,01330 Sheridan Way
74-845-3299,63,92,26,2024-08-18,2024-04-29,2 Petterle Road
81-605-6246,73,31,49,2025-01-26,2024-03-06,65721 Caliangt Crossing
73-561-2867,12,86,98,2024-10-10,2024-09-29,7444 Saint Paul Circle
19-967-0632,53,86,54,2024-08-14,2024-11-06,6990 Kings Place
23-070-2433,68,7,37,2024-08-08,2024-12-28,836 Brown Alley
27-262-2437,80,9,29,2024-08-26,2024-10-09,739 Swallow Road
39-479-5147,92,68,79,2024-12-24,2024-04-04,14 Talmadge Park
71-085-4290,31,98,72,2024-08-26,2024-12-04,2 Basil Street
48-957-6116,31,44,9,2024-05-30,2024-08-05,938 Hanover Point
83-917-7384,76,97,20,2024-03-27,2024-05-11,3 Ilene Terrace
26-031-8070,57,99,23,2024-07-25,2024-04-19,5414 Linden Point
03-149-9760,92,99,93,2025-02-19,2024-03-26,554 Eliot Point
53-680-5293,88,74,97,2024-05-28,2024-08-24,97687 Mendota Terrace
49-861-7823,99,8,27,2024-07-16,2024-08-10,26 Graceland Circle
24-364-3341,44,84,63,2024-07-29,2024-09-25,120 Gale Circle
80-374-5711,48,77,81,2025-01-28,2024-12-07,13 Bluejay Way
76-325-9093,27,92,56,2024-04-18,2024-12-18,01471 Burrows Lane
30-429-2162,34,96,76,2024-10-03,2025-01-15,6382 Anniversary Pass
53-446-8243,41,94,4,2025-02-04,2024-04-23,757 Grasskamp Drive
67-473-7093,56,12,85,2024-12-10,2024-04-19,87417 Forest Pass
98-235-2711,22,40,7,2024-09-12,2025-01-26,5 Transport Pass
07-219-8017,40,2,58,2024-10-31,2024-11-08,357 High Crossing Parkway
97-040-3822,50,99,73,2024-05-12,2024-05-17,42 Clemons Terrace
10-002-6494,89,92,62,2024-03-02,2024-11-11,48 Vahlen Place
12-998-3882,76,54,76,2024-10-01,2024-05-26,94862 Beilfuss Terrace
31-746-4951,67,60,21,2024-04-03,2024-09-06,759 Waywood Court
87-097-5691,62,78,97,2024-04-08,2024-03-26,236 Gateway Lane
34-075-0371,75,10,68,2024-09-11,2024-12-03,0039 Shelley Place
40-810-9261,75,47,33,2024-06-26,2024-05-23,3 Raven Court
46-931-6897,29,32,26,2024-09-21,2024-09-15,44 Kensington Road
58-182-6781,34,55,22,2024-10-11,2024-11-15,86 Maryland Junction
06-706-6490,15,66,85,2024-10-18,2024-03-15,443 Browning Terrace
47-578-4161,88,56,81,2024-05-10,2024-09-14,5 Forest Run Way
18-199-5799,40,81,40,2024-10-09,2024-10-30,87784 Blaine Way
00-357-2313,10,86,23,2024-06-29,2024-12-13,0 Oxford Crossing
83-704-6367,21,87,12,2024-11-17,2024-09-07,298 Corry Plaza
01-144-5960,75,25,99,2024-10-20,2024-07-13,52105 Mandrake Place
96-774-0457,56,50,80,2025-02-24,2024-10-22,7369 Thackeray Drive
24-310-9184,69,65,91,2024-07-05,2024-04-08,6 Haas Circle
10-255-8579,56,53,77,2024-07-12,2025-01-28,1959 Marcy Center
38-417-4656,24,69,2,2024-10-05,2024-12-23,1309 Elka Junction
53-080-8252,30,85,21,2024-12-19,2024-11-20,2 Grayhawk Junction
14-681-7035,36,90,57,2024-12-11,2024-05-18,95261 Morningstar Way
96-503-7712,93,76,82,2024-05-25,2025-01-19,84148 Prairie Rose Center
98-064-4465,96,38,17,2024-04-19,2024-11-11,109 Twin Pines Avenue
84-198-7276,60,88,65,2024-08-29,2024-06-15,6 Harbort Hill
18-278-2383,97,77,13,2024-11-11,2024-07-02,96 American Center
20-054-3716,11,6,100,2024-03-05,2024-02-25,39 Lakewood Gardens Center
63-822-5278,14,66,1,2024-08-13,2024-02-27,5900 Vahlen Avenue
01-439-6231,88,100,17,2024-12-11,2024-12-09,8 Spaight Circle
06-690-2335,24,15,6,2025-02-22,2024-05-07,5 Linden Terrace
47-554-5780,93,62,65,2024-06-09,2024-04-17,1 Westport Crossing
70-587-1204,68,68,97,2024-07-08,2024-06-23,2446 Anhalt Way
97-710-2449,28,94,80,2024-05-23,2024-06-19,0 Miller Pass
51-462-0747,21,30,32,2025-01-22,2024-03-10,453 Dryden Park
90-492-0564,92,96,56,2024-11-18,2024-07-20,54 Pawling Crossing
63-956-0739,68,12,42,2024-12-05,2024-12-22,6808 Chinook Parkway
30-832-5429,46,43,46,2025-01-10,2024-09-17,894 Kingsford Road
38-822-8005,47,20,65,2025-01-19,2024-03-31,6 Stang Hill
73-118-1117,52,88,55,2024-05-27,2024-11-13,482 Green Center
60-285-3783,51,62,95,2024-04-07,2025-01-15,37973 Parkside Junction
00-215-7434,14,63,74,2024-04-28,2024-11-28,389 Ridgeway Park
68-734-1585,62,44,11,2025-01-08,2024-07-13,3 Hagan Drive
08-703-1382,40,53,7,2025-02-21,2024-06-21,082 Clove Plaza
65-282-0419,50,100,91,2024-12-28,2024-12-05,509 Waywood Center
62-777-6010,77,20,37,2024-07-03,2024-11-05,5743 Superior Place
87-675-1506,31,89,7,2024-08-26,2024-05-21,60241 Portage Point
67-027-7269,35,19,30,2025-01-06,2024-11-09,615 Mayer Drive
72-066-4597,31,54,52,2025-02-20,2024-12-13,03 Fisk Alley
31-627-6025,56,62,64,2024-08-22,2025-01-20,44638 Corscot Lane
09-286-8107,90,62,54,2025-01-20,2024-12-15,75 Bunting Junction
77-013-1553,79,31,66,2024-04-10,2024-08-20,48788 Chinook Place
15-762-1058,29,83,91,2024-11-29,2025-01-04,083 Mccormick Park
48-193-1199,46,51,92,2024-05-07,2024-06-09,339 Paget Place
01-173-0029,42,4,53,2025-01-10,2024-04-12,8 Dakota Avenue
79-400-6216,16,56,13,2025-02-10,2024-10-02,4 Warbler Center
80-072-8774,89,95,41,2024-09-24,2024-10-15,239 Anderson Court
78-689-8958,20,43,43,2025-01-07,2024-03-29,04 Mesta Parkway
57-562-2358,37,94,76,2024-06-17,2025-02-04,00 6th Parkway
56-191-6497,97,41,68,2025-01-14,2025-01-07,844 Schurz Point
46-753-8430,98,77,7,2024-10-02,2024-08-05,60356 Derek Lane
48-461-3742,37,8,50,2024-07-06,2025-01-23,42719 Milwaukee Avenue
16-354-8122,97,99,96,2024-04-25,2024-11-27,66 Raven Pass
76-954-1442,97,77,99,2024-11-22,2024-03-18,43024 Elka Avenue
44-476-0390,90,92,56,2024-07-28,2024-03-14,022 Pierstorff Point
35-617-3857,46,31,89,2025-01-04,2024-03-06,292 Charing Cross Terrace
94-029-2717,40,8,98,2024-07-26,2024-06-09,071 Nobel Circle
49-526-7806,77,52,28,2024-12-19,2024-05-01,6744 Helena Pass
99-137-1730,62,79,23,2024-07-22,2024-10-18,4105 Fair Oaks Parkway
27-442-3654,59,17,1,2024-07-21,2024-12-03,67677 Lakewood Gardens Way
32-933-0329,23,38,54,2025-01-17,2024-04-15,57150 Del Sol Alley
93-813-2419,39,16,57,2024-12-21,2024-06-22,7407 Farragut Pass
85-440-3667,68,29,31,2024-08-06,2024-09-09,6151 Forster Drive
77-224-2227,75,46,75,2024-08-26,2024-10-26,5426 Fordem Pass
60-632-8752,96,16,48,2024-11-04,2025-01-26,48 Golf View Pass
99-561-4871,17,38,93,2025-02-14,2024-07-28,952 Rowland Junction
61-607-7622,23,38,25,2024-05-13,2025-01-15,329 Helena Park
11-745-3025,15,27,21,2024-06-11,2024-09-03,3104 Ridge Oak Hill
56-810-0550,71,7,6,2024-08-29,2024-09-04,376 Reinke Court
59-075-2457,97,26,15,2024-08-21,2024-11-10,2 Barby Lane
40-021-2400,29,18,86,2024-10-24,2024-05-11,265 Columbus Way
29-017-6255,46,64,17,2024-03-01,2025-01-31,20 Pennsylvania Parkway
92-291-7089,76,15,99,2025-02-01,2024-05-06,9307 Kingsford Road
69-287-9113,59,91,24,2024-10-27,2024-12-16,11 Golden Leaf Alley
76-540-6407,92,54,73,2025-02-07,2024-12-13,77 Prairie Rose Park
85-561-4694,28,27,22,2024-05-15,2024-05-11,1 Lake View Trail
34-928-2775,19,47,25,2024-12-18,2025-01-28,7945 Mayer Center
90-773-9557,85,28,21,2024-08-20,2024-06-12,904 Del Mar Crossing
57-394-1587,57,63,41,2024-08-25,2024-10-30,561 Blue Bill Park Road
28-008-2951,95,29,28,2024-07-20,2024-05-20,26 Barnett Junction
74-711-7160,84,69,77,2025-01-22,2024-06-01,44296 Kropf Avenue
22-895-6595,31,32,69,2024-02-29,2024-11-21,34642 Carpenter Place
19-214-5762,41,52,75,2024-04-06,2024-10-13,7 Bonner Terrace
95-349-0828,97,57,84,2024-09-27,2025-02-06,60 Towne Hill
00-963-2193,43,88,33,2024-07-19,2024-12-23,5030 Moose Junction
76-459-2392,74,4,67,2024-03-26,2024-05-24,2005 Mccormick Road
10-034-7654,70,96,92,2024-04-18,2024-05-28,21 Esker Way
24-972-6969,69,53,32,2024-09-11,2024-06-13,5862 Hooker Pass
94-190-5193,67,68,50,2024-09-23,2024-04-09,24385 Prentice Plaza
92-791-0606,18,62,2,2024-03-26,2024-09-06,739 Grayhawk Trail
84-629-1532,22,89,25,2024-02-25,2024-07-20,7 Sloan Park
68-977-2498,88,99,41,2024-07-30,2024-07-21,6482 Ramsey Alley
91-257-3672,78,75,3,2024-08-08,2024-07-05,10997 Dexter Parkway
09-536-2626,83,52,32,2024-10-17,2024-03-21,205 Straubel Court
61-801-8665,42,88,17,2024-10-19,2024-06-24,58 La Follette Park
38-296-6634,49,46,8,2024-10-22,2024-12-10,160 Kings Street
30-591-7275,17,88,41,2024-10-21,2025-01-18,7020 Porter Trail
83-763-5038,52,64,54,2024-11-22,2024-10-23,5 Armistice Parkway
37-709-3532,79,45,39,2024-10-29,2024-05-11,524 Saint Paul Park
62-795-7801,35,41,84,2024-08-17,2024-11-23,94451 Arkansas Park
98-575-4736,76,11,15,2024-10-20,2024-09-17,83 Pleasure Street
57-861-4379,93,8,51,2024-02-28,2025-02-04,64407 Marcy Plaza
00-119-8780,40,81,78,2025-02-17,2024-03-04,21 Sunbrook Court
28-824-9017,19,94,17,2024-08-22,2024-06-14,4 Jay Terrace
56-668-5370,70,96,21,2024-11-26,2024-08-03,05686 Golden Leaf Point
29-756-7042,90,52,50,2024-06-29,2024-05-07,99 Fair Oaks Circle
41-538-3129,77,79,65,2024-09-01,2024-07-31,2 Carioca Crossing
16-380-0753,38,22,71,2024-10-07,2024-05-08,701 Logan Court
26-535-4727,93,25,23,2024-06-21,2024-04-29,4 Darwin Circle
59-857-6577,23,100,77,2024-05-10,2024-03-04,230 Tony Court
14-550-2152,51,1,61,2024-03-29,2024-11-17,3 Forster Point
39-315-3936,57,62,72,2025-02-21,2024-08-10,850 Glacier Hill Drive
87-199-2743,59,74,100,2024-03-26,2024-11-12,38695 Kenwood Circle
60-771-0879,89,15,22,2024-11-17,2024-05-03,9 Karstens Center
00-440-9568,53,98,25,2024-09-23,2024-12-20,052 Northland Trail
07-074-1196,11,56,62,2024-04-14,2024-10-10,27 New Castle Avenue
69-674-5387,59,27,63,2024-06-15,2025-02-01,6211 Hanson Terrace
08-940-8578,34,29,65,2024-05-03,2024-11-22,74 Menomonie Point
94-020-6982,25,75,27,2025-01-02,2024-05-04,381 Rutledge Place
42-879-9478,81,22,20,2024-06-01,2024-08-22,86 Porter Junction
00-405-7428,81,74,45,2025-01-20,2025-01-12,42 Mallory Court
87-997-0228,71,4,37,2024-09-15,2024-12-27,26240 Maple Wood Place
05-498-7751,52,22,37,2024-10-28,2024-03-24,30408 5th Way
55-631-7937,26,54,90,2024-10-15,2025-01-21,82 Drewry Junction
27-389-3529,84,8,54,2025-01-14,2024-03-09,234 Eagle Crest Avenue
84-272-0790,28,86,44,2024-05-23,2024-07-29,53 Caliangt Junction
01-903-5373,94,77,89,2024-09-30,2024-06-21,32525 Marquette Park
49-311-3063,47,75,53,2025-02-06,2024-07-03,71 Bultman Drive
04-277-5245,20,51,21,2024-03-19,2024-06-18,911 Ridgeway Way
04-453-5485,84,20,58,2024-04-08,2024-04-02,2 Sunbrook Lane
42-141-5718,100,31,43,2024-09-13,2024-12-26,1700 Briar Crest Parkway
89-602-6755,74,90,26,2024-05-23,2024-07-17,4 Bashford Court
15-045-8444,27,12,93,2024-03-04,2024-03-27,97 Thierer Terrace
15-240-6267,91,55,94,2024-03-11,2024-04-26,25784 Old Gate Crossing
05-193-8096,82,21,85,2024-04-14,2024-07-08,38 Rutledge Plaza
93-342-8794,84,91,86,2025-01-08,2024-11-22,39102 Division Trail
83-716-2177,18,46,26,2024-04-10,2024-09-13,26266 Esker Point
56-635-6764,12,59,62,2024-06-03,2024-08-05,744 Green Center
10-249-7928,85,4,75,2024-08-18,2024-11-03,57598 Russell Center
65-759-3721,33,60,67,2024-06-16,2024-12-28,315 Acker Alley
08-725-8156,59,59,10,2024-08-18,2024-03-15,73397 Steensland Circle
15-679-3935,22,69,87,2025-02-09,2025-02-20,95 Garrison Plaza
81-578-7404,67,79,98,2025-02-13,2024-04-06,5989 Longview Drive
82-380-5378,78,24,31,2024-06-01,2024-03-07,05518 Saint Paul Street
78-362-8578,72,32,80,2024-07-06,2024-04-10,86 Corben Crossing
32-261-0008,63,48,22,2024-05-30,2024-07-18,2 Kingsford Center
74-943-9034,30,91,34,2024-07-11,2024-05-06,0 Saint Paul Center
86-330-0214,36,64,63,2024-03-15,2024-03-30,5818 Twin Pines Place
80-334-0215,88,27,92,2024-11-27,2024-06-22,611 Waubesa Circle
48-957-8596,95,25,91,2024-09-04,2024-10-18,3825 Raven Avenue
37-246-0018,30,59,76,2024-03-20,2024-04-11,52 Alpine Crossing
17-002-4721,31,55,5,2024-09-10,2024-10-29,379 Duke Court
47-802-5023,16,20,45,2024-04-30,2024-06-07,7096 Mcguire Park
22-319-1377,14,16,93,2024-07-23,2024-06-21,083 Gulseth Pass
57-903-6434,44,67,15,2024-03-13,2024-03-23,34 Linden Court
22-083-3347,69,82,58,2024-07-07,2024-04-30,38 Superior Road
65-145-9672,71,10,49,2024-08-11,2024-05-26,8 Dovetail Junction
95-252-9619,92,39,50,2024-12-27,2024-11-09,57453 Northwestern Alley
74-294-3760,49,17,54,2024-09-23,2024-11-27,0109 Stang Terrace
06-797-4963,52,8,37,2024-08-31,2024-08-16,1008 Welch Street
39-768-8205,56,97,29,2024-02-28,2024-11-29,32 Rigney Terrace
03-043-9933,16,23,76,2024-07-21,2025-02-08,884 Fieldstone Plaza
29-823-6004,52,79,87,2024-06-11,2024-03-10,3 Lawn Park
40-462-2952,91,68,80,2024-08-12,2024-11-19,0258 Shoshone Center
71-999-2404,58,58,28,2024-03-18,2025-01-29,18 Warrior Circle
03-919-9890,47,29,70,2024-08-09,2024-07-25,7 Riverside Road
94-525-6925,50,56,63,2024-03-27,2024-09-17,667 Arkansas Circle
08-213-2058,43,73,14,2024-07-28,2024-08-26,33 Clarendon Hill
51-312-8608,68,60,21,2024-02-27,2024-04-29,406 Westridge Alley
67-512-9754,19,100,83,2024-04-25,2024-03-22,69 Orin Plaza
45-402-0421,70,84,72,2024-07-20,2024-07-14,36 Longview Street
85-207-4164,97,20,72,2024-02-29,2024-12-10,41 Comanche Park
72-780-6006,87,24,19,2024-05-11,2024-04-17,88721 Dawn Crossing
93-166-3169,58,81,66,2024-06-24,2025-01-02,339 Crescent Oaks Plaza
21-718-6746,16,53,12,2024-06-11,2024-06-06,277 Pawling Terrace
93-966-7754,65,35,3,2024-08-11,2024-09-27,4 4th Place
47-663-5703,15,49,40,2024-12-06,2024-09-14,6500 Raven Drive
34-110-1040,75,85,27,2024-05-30,2024-06-24,42397 Knutson Place
82-342-7339,80,61,23,2024-07-27,2024-03-04,317 Anniversary Pass
43-670-8544,84,95,22,2024-06-20,2024-10-07,3 Logan Trail
12-439-8428,17,3,33,2024-03-21,2024-05-31,6 Rusk Pass
49-919-8798,64,31,91,2024-06-19,2024-10-10,3 Dottie Junction
73-567-6194,76,81,85,2024-03-04,2024-09-08,069 Basil Center
83-573-4586,77,95,82,2024-04-17,2024-07-18,84575 Randy Point
12-798-9401,18,14,77,2025-01-05,2024-05-25,5 Forster Point
02-895-7781,51,55,76,2025-02-19,2025-01-24,2582 Autumn Leaf Park
83-625-3618,68,12,73,2024-08-05,2024-07-04,2696 Katie Road
89-181-4523,46,6,64,2024-07-23,2024-12-22,022 Prairie Rose Drive
95-354-8583,98,40,93,2025-02-19,2024-10-20,848 Mariners Cove Junction
90-303-1821,50,20,74,2025-02-13,2024-10-05,6435 Burning Wood Drive
71-631-5875,88,83,42,2024-05-29,2024-10-25,13 Loomis Alley
02-275-6061,26,16,69,2024-06-30,2024-08-19,6891 Mandrake Park
04-001-1793,43,38,63,2024-03-31,2024-04-09,0 Stoughton Terrace
47-749-3277,46,20,30,2024-03-06,2024-09-13,502 Sachs Circle
37-666-3902,19,73,60,2024-03-12,2024-06-12,85276 Lakewood Gardens Alley
73-942-0508,61,100,94,2024-07-20,2024-10-04,1034 2nd Point
57-359-3397,43,40,30,2024-07-13,2024-12-19,81071 West Alley
46-436-5351,80,54,21,2024-08-24,2024-04-16,226 Calypso Road
27-881-1177,34,47,99,2025-01-23,2024-11-23,1223 Monument Drive
85-237-3505,88,50,88,2024-08-23,2024-11-03,20073 Northfield Way
80-371-3695,89,42,76,2024-12-15,2024-12-10,163 Esch Pass
04-758-0410,26,21,47,2024-08-03,2024-05-02,5 Toban Circle
65-644-1394,26,95,36,2024-07-29,2025-02-10,582 Dahle Center
04-293-6969,37,38,24,2024-06-15,2024-08-20,0 Oak Valley Lane
40-997-2786,76,98,41,2024-11-14,2024-10-14,5551 Mallory Lane
91-553-1774,80,43,80,2024-06-26,2024-04-12,84 Washington Crossing
13-980-8804,100,3,32,2024-08-19,2025-02-10,41 Nelson Center
19-672-8982,21,87,67,2025-01-03,2024-03-31,285 East Plaza
35-299-0889,33,78,79,2024-11-05,2024-04-21,95 Packers Lane
17-022-9721,43,63,99,2024-11-08,2025-01-12,39 Dahle Alley
22-849-2551,34,1,79,2024-06-12,2024-09-08,81533 John Wall Court
53-050-8242,82,25,94,2024-03-30,2025-02-15,9 Cordelia Trail
88-183-5781,17,63,3,2024-08-02,2024-12-27,46 Delaware Place
09-101-1740,36,81,54,2024-07-07,2024-08-31,96629 Nova Plaza
98-445-7372,65,79,52,2024-05-12,2024-05-30,8531 Manley Court
29-875-6900,45,28,6,2024-03-18,2024-08-22,2 Sachtjen Park
27-757-4489,35,78,68,2024-04-12,2024-07-04,27535 Morrow Avenue
51-069-0489,96,83,50,2024-10-04,2024-05-30,3 Anthes Place
20-325-1965,56,75,13,2024-09-04,2024-05-21,78884 Union Street
76-090-4411,49,94,18,2024-12-12,2024-04-16,15 Loomis Avenue
01-703-8441,100,10,89,2024-04-23,2024-06-21,4029 Lotheville Pass
09-622-7119,30,81,99,2024-07-22,2024-06-15,665 Sommers Circle
45-172-7012,20,91,12,2024-11-26,2024-12-01,11 Kedzie Avenue
06-849-4869,85,15,16,2024-05-13,2024-07-15,041 Paget Alley
30-996-2526,86,90,39,2024-10-20,2024-09-07,77 Monterey Avenue
71-074-6292,65,79,49,2024-04-02,2024-10-17,338 Annamark Court
98-909-9395,67,98,92,2024-04-22,2024-12-07,43 Heath Street
61-796-6540,88,4,79,2024-04-24,2024-08-14,126 Spohn Plaza
41-735-9837,14,77,78,2024-08-02,2024-09-01,2374 Chive Court
60-343-3288,85,92,66,2024-03-28,2024-05-03,6 Hanover Terrace
27-783-5470,74,65,5,2025-01-30,2024-03-16,6 Tony Junction
60-456-8169,21,28,72,2025-01-28,2024-02-25,710 Service Park
99-420-3592,22,24,94,2024-07-19,2024-11-13,206 Pine View Junction
35-836-6718,91,14,99,2025-02-10,2025-01-22,05 Canary Circle
51-273-4240,85,57,25,2025-02-18,2024-06-20,7 Prairieview Place
38-924-3007,12,28,11,2024-05-18,2024-04-17,6 Anthes Court
52-123-8039,43,65,66,2024-12-21,2025-01-16,7 Schiller Court
34-131-8805,92,92,28,2025-01-21,2024-12-22,44249 Sutteridge Crossing
28-505-8317,23,85,94,2024-10-12,2025-01-28,848 Old Gate Parkway
41-594-5069,77,1,41,2024-11-05,2024-03-21,9 Clemons Hill
94-658-4945,65,10,81,2024-08-27,2024-05-08,15 Veith Circle
69-561-2496,82,29,62,2024-08-08,2024-12-09,154 Delladonna Hill
98-858-6323,20,17,71,2024-10-22,2024-11-16,80729 Homewood Plaza
92-995-8689,31,65,94,2024-12-03,2024-03-06,1 Merchant Circle
43-164-5984,36,75,35,2024-04-13,2024-11-23,70862 Lighthouse Bay Junction
58-122-2282,59,20,17,2024-12-06,2024-06-12,96 American Ash Center
84-269-9130,11,10,80,2024-06-05,2024-08-02,49263 Graceland Pass
11-922-3342,24,77,32,2024-03-18,2024-03-04,094 Carberry Lane
60-550-4771,75,80,87,2024-07-06,2024-08-24,1 Monica Lane
88-951-9038,11,72,5,2024-07-08,2025-02-11,5 Anderson Trail
08-114-3922,60,64,36,2024-09-02,2025-02-15,709 Vidon Avenue
70-145-2550,91,6,37,2024-05-01,2024-08-06,5141 Anniversary Crossing
51-761-6320,43,78,85,2024-03-09,2024-06-22,587 Vermont Terrace
55-803-3964,25,60,36,2025-02-16,2024-10-30,149 Valley Edge Point
11-815-7923,96,9,57,2025-01-26,2024-08-06,89 Springs Alley
83-966-3280,30,29,70,2024-06-22,2024-09-20,0743 4th Place
29-592-7315,56,4,74,2024-03-15,2024-09-22,21625 Schlimgen Park
65-235-7676,91,71,17,2025-01-10,2024-06-03,31208 Westerfield Way
40-683-0283,27,64,78,2024-08-17,2024-05-23,322 Birchwood Center
83-553-9523,28,90,70,2024-11-05,2025-01-28,84336 Haas Place
40-793-7235,92,67,51,2024-04-05,2024-05-19,68086 Crowley Circle
74-666-5671,37,33,80,2024-12-21,2024-05-04,11263 Kipling Hill
90-865-9150,28,24,97,2024-09-22,2024-07-09,00029 Fisk Point
46-255-3073,30,42,8,2024-05-02,2024-07-11,57 Eastwood Junction
11-155-7826,98,83,5,2024-07-06,2024-12-26,321 Barby Parkway
99-543-5039,65,88,20,2025-01-28,2024-07-29,71796 Waubesa Terrace
99-033-5661,42,3,21,2024-09-19,2024-09-25,289 Longview Point
28-608-0039,63,60,54,2024-12-26,2024-04-15,31057 Roth Place
35-529-2933,85,54,18,2024-07-28,2024-07-13,2 School Drive
83-321-7887,44,75,72,2024-12-14,2024-08-02,35598 Fuller Terrace
43-910-2342,26,69,90,2024-12-12,2024-07-19,46758 Hallows Center
21-633-8696,49,59,73,2024-04-18,2024-05-26,08492 Gateway Terrace
76-401-7083,59,79,87,2024-09-03,2024-07-31,31892 Pennsylvania Street
92-551-8504,19,81,33,2024-06-29,2024-12-24,461 Bluejay Circle
76-264-0748,47,41,63,2024-04-15,2025-01-09,55 Morning Terrace
88-586-8797,98,62,97,2024-03-30,2025-02-09,9469 Bayside Plaza
21-993-5632,51,72,85,2024-03-23,2024-10-23,16730 Luster Alley
27-681-5588,100,99,8,2025-02-19,2024-12-07,498 Delladonna Drive
23-265-8144,55,50,56,2024-06-01,2024-10-25,14042 Dottie Avenue
26-134-9069,14,87,8,2024-03-10,2025-01-30,4929 Westend Point
76-623-7844,29,33,88,2024-07-19,2024-05-15,868 Swallow Point
88-977-0175,100,1,26,2024-08-02,2024-07-19,7561 5th Terrace
12-714-5135,49,28,74,2025-01-09,2024-04-25,2003 Delladonna Pass
43-153-8268,75,61,19,2025-02-23,2024-10-02,29815 Bonner Trail
95-130-9020,82,12,94,2024-02-28,2025-01-21,2 Canary Street
82-678-8097,68,82,58,2024-04-08,2024-04-05,6172 Hovde Circle
21-693-8216,70,96,85,2024-02-26,2024-10-27,32468 Utah Pass
56-831-6199,49,48,62,2024-09-16,2024-08-14,1247 Hoard Hill
81-268-5905,89,26,36,2024-10-24,2024-06-14,85953 Clyde Gallagher Drive
41-237-5498,88,53,44,2025-01-04,2025-02-06,29817 Coleman Drive
32-987-5559,39,88,100,2024-11-25,2024-05-15,7 Hallows Alley
71-436-5841,87,91,94,2024-07-04,2024-06-25,52 Victoria Plaza
63-890-1246,93,50,43,2024-06-27,2024-10-09,3 Melrose Trail
65-368-2479,23,21,59,2024-08-15,2024-10-07,231 Merry Pass
74-562-7431,94,34,21,2024-03-18,2024-11-01,79 Ronald Regan Avenue
51-583-6029,38,43,91,2024-04-20,2025-02-18,83894 Delaware Plaza
06-996-3221,11,9,65,2024-10-13,2024-06-10,579 Schlimgen Alley
96-334-2593,60,27,58,2024-12-26,2024-11-19,9559 Muir Trail
58-219-0241,50,36,81,2024-09-26,2024-06-04,938 Garrison Court
87-272-6544,90,3,49,2024-05-06,2025-02-13,4 Nelson Alley
95-357-2870,86,80,80,2024-03-18,2024-05-20,87 Corben Street
88-401-3700,86,66,24,2024-07-29,2025-01-20,39014 Randy Court
72-404-5581,54,17,90,2025-01-23,2025-02-08,879 Amoth Terrace
11-766-8738,27,64,43,2024-11-14,2024-03-22,20 Nelson Way
15-796-3130,50,58,78,2024-10-14,2024-05-29,85 Lunder Court
73-751-4393,68,10,29,2024-10-31,2024-03-23,03 Roth Court
62-100-2245,22,60,73,2024-07-09,2024-07-12,56830 Fremont Road
08-961-3009,50,14,6,2024-06-02,2024-09-08,01 Gateway Plaza
33-440-2588,26,12,43,2025-01-17,2025-02-24,4 6th Plaza
24-009-1208,62,31,24,2024-04-30,2025-02-06,99 Duke Lane
71-300-2191,79,72,6,2024-07-11,2024-05-01,7 Heffernan Drive
74-430-8245,73,90,77,2024-02-26,2024-03-06,7 Roxbury Circle
68-636-4774,18,50,77,2024-11-03,2025-02-19,7744 Oxford Pass
38-655-2312,79,74,87,2024-08-07,2024-10-18,17 Reinke Circle
16-632-1308,23,13,15,2024-03-27,2024-11-21,60094 Goodland Junction
37-606-0510,18,64,86,2024-09-13,2024-11-09,53 Homewood Alley
36-296-9609,24,35,14,2024-05-04,2024-12-01,7 Rutledge Pass
22-329-7791,53,41,30,2024-03-16,2024-09-19,50687 Porter Park
56-894-3733,85,83,13,2024-04-05,2025-02-02,897 Independence Circle
06-858-5680,15,34,57,2024-08-22,2025-01-16,49476 Tony Hill
71-954-4501,66,49,41,2024-06-27,2024-07-26,290 Rusk Avenue
12-046-2988,17,63,66,2025-01-25,2024-11-21,931 Browning Center
95-356-1566,13,61,77,2024-07-22,2025-01-29,622 Buena Vista Trail
34-291-4939,34,49,27,2024-03-09,2025-02-13,983 Sommers Circle
35-621-2546,85,89,41,2024-04-22,2025-02-15,3 Fairfield Center
21-013-3508,12,95,49,2024-06-09,2024-11-10,84305 Fair Oaks Plaza
38-049-9319,82,6,53,2024-11-07,2024-05-09,6 Lillian Junction
94-697-2396,71,97,44,2024-11-27,2024-07-07,44 Thompson Terrace
33-807-7247,58,17,26,2024-06-23,2025-01-03,63464 Jana Court
62-816-8794,15,76,81,2024-11-16,2025-02-06,04 Blaine Lane
33-507-9886,68,25,16,2024-04-04,2024-06-27,0584 Lindbergh Alley
40-003-7322,13,32,79,2024-05-07,2024-10-11,2693 6th Court
95-090-2788,45,7,58,2024-09-02,2024-08-26,0313 Rockefeller Street
06-503-5891,40,22,74,2024-03-22,2024-03-16,49646 Derek Lane
38-555-9147,62,23,25,2024-07-23,2024-03-08,0 Oneill Hill
64-854-8664,79,3,36,2024-08-16,2024-08-30,76 Independence Drive
50-942-2409,75,91,68,2024-10-31,2024-12-10,7182 Summit Court
17-493-4579,76,8,2,2024-10-04,2024-05-28,4627 Amoth Circle
10-854-5467,96,51,40,2024-03-16,2024-11-26,3 Oakridge Parkway
11-604-6002,69,17,27,2025-01-14,2024-05-29,17640 Cottonwood Place
44-305-1866,48,71,86,2024-04-29,2024-08-29,51205 Rieder Junction
49-730-0159,82,3,82,2024-10-03,2024-08-26,09189 2nd Drive
70-534-7796,43,21,31,2025-02-19,2025-01-17,76106 Anthes Junction
95-738-4658,90,68,74,2024-04-02,2024-10-30,35 Golf Course Alley
20-405-4865,13,39,98,2024-06-02,2024-09-18,36483 Burning Wood Pass
79-428-8753,62,79,95,2024-05-16,2024-12-30,9 Holmberg Circle
10-626-8536,17,85,74,2024-05-01,2024-03-30,38583 2nd Pass
27-216-9671,100,86,94,2024-08-11,2024-06-04,4 Browning Terrace
14-489-8669,54,69,68,2024-07-24,2024-05-13,21629 Burrows Pass
46-632-8420,98,24,4,2024-03-08,2024-05-23,9 Meadow Ridge Center
39-192-3521,20,9,12,2024-06-26,2024-03-16,428 Oriole Avenue
94-528-8088,43,7,63,2024-09-26,2024-03-08,21379 Stoughton Junction
74-305-1263,29,91,48,2024-10-05,2024-08-16,744 Lakewood Gardens Crossing
53-151-5726,37,45,62,2024-12-08,2024-04-20,84239 Meadow Vale Trail
02-085-7218,85,28,32,2025-01-17,2025-01-28,2835 Schlimgen Parkway
77-777-4536,26,67,46,2024-12-08,2024-04-04,4784 Farmco Alley
86-482-6451,91,78,61,2024-05-05,2024-08-10,5501 Fuller Way
36-127-4273,50,46,38,2024-10-01,2024-07-31,10342 Division Place
03-061-1344,98,65,76,2024-09-27,2024-06-27,96420 Briar Crest Lane
97-300-7511,37,53,61,2024-04-03,2024-03-21,45190 Fordem Court
83-108-1174,78,68,68,2024-09-12,2024-12-25,3 Monument Street
38-664-2155,48,27,73,2025-01-13,2024-05-30,843 Pepper Wood Hill
80-459-5950,74,10,74,2024-07-27,2024-03-20,5 Killdeer Trail
93-015-0811,18,7,58,2024-11-26,2024-06-26,1 Pleasure Hill
02-888-9412,95,66,69,2024-06-08,2025-02-04,880 Calypso Road
10-218-2680,39,93,57,2024-06-04,2025-01-03,6810 Aberg Junction
30-964-2694,48,72,55,2024-09-18,2024-06-30,39 Dovetail Terrace
15-144-9413,58,15,87,2024-07-10,2024-07-29,3 Buhler Place
17-253-5688,39,55,39,2024-08-15,2024-06-20,7 Hooker Way
31-608-1445,84,28,29,2025-02-09,2024-12-14,227 Tennyson Plaza
51-934-9117,30,55,4,2024-08-25,2025-01-31,05944 Scott Parkway
72-810-9753,14,84,15,2025-01-28,2024-12-12,545 Farwell Lane
53-146-9979,21,15,27,2025-02-05,2024-08-08,42 Mandrake Alley
46-622-3434,17,19,74,2024-10-04,2024-07-23,2 Miller Lane
47-843-8207,34,92,26,2024-09-01,2024-12-27,01 Northfield Road
29-135-0791,56,48,82,2024-10-18,2025-01-11,97 Utah Lane
45-194-4094,64,71,69,2024-10-10,2024-10-10,2 Scofield Street
09-712-3630,87,62,2,2024-07-09,2024-09-30,10 Golf Course Hill
56-213-0577,24,25,52,2024-05-25,2024-09-17,851 Hollow Ridge Center
78-956-4737,47,1,60,2025-01-29,2024-04-18,9 Burrows Junction
29-436-6570,61,8,45,2024-06-20,2024-09-17,30590 Bowman Alley
04-038-1547,48,2,16,2024-03-26,2024-06-08,76 Shelley Pass
76-476-9996,37,96,82,2024-10-06,2024-12-06,0 Larry Terrace
43-469-7551,45,36,97,2024-12-27,2025-01-25,760 Butternut Plaza
15-169-8058,87,97,28,2024-06-12,2024-04-18,26160 Independence Alley
37-567-3218,37,47,34,2024-07-30,2024-07-20,153 Caliangt Plaza
92-455-2959,59,62,57,2024-09-11,2024-02-25,0 Ohio Hill
75-672-4378,62,40,86,2024-07-15,2024-06-05,4 Esch Point
66-806-6051,63,12,82,2024-09-23,2024-05-23,8 Kensington Place
65-527-9488,38,72,39,2024-07-10,2024-10-10,23704 Algoma Park
36-840-2728,76,21,3,2025-01-21,2024-03-14,08545 Lillian Street
07-389-5740,34,94,69,2025-01-03,2024-07-17,59 Veith Center
13-144-2169,25,62,11,2024-10-01,2024-09-07,52 Namekagon Junction
13-798-3397,86,16,37,2024-03-27,2024-12-20,93321 Kennedy Point
85-806-0613,41,21,47,2024-03-07,2024-04-26,9269 Main Trail
67-248-6306,77,54,10,2024-07-27,2024-12-22,05 Bartelt Street
47-866-6589,41,61,69,2024-07-26,2024-07-27,30880 Barnett Junction
91-127-7489,44,8,52,2024-05-11,2024-08-04,43211 Anzinger Drive
90-343-9640,53,89,100,2024-07-01,2024-10-06,3622 Anhalt Lane
01-018-6418,68,29,100,2024-11-13,2024-07-16,481 Mifflin Hill
80-375-9075,96,34,57,2024-11-23,2024-06-19,3831 Goodland Road
80-227-6886,33,4,31,2024-03-13,2024-06-14,4374 Corry Terrace
15-562-3712,33,89,15,2024-08-27,2024-10-28,1 Hudson Hill
10-137-9759,90,17,17,2024-03-31,2024-03-10,402 Kings Road
69-171-1305,31,29,57,2024-10-26,2024-10-11,9951 Petterle Alley
83-117-7658,92,3,81,2024-04-05,2024-12-19,0282 Emmet Hill
74-642-2435,66,31,18,2024-04-06,2024-04-08,6292 Chive Street
10-445-0741,83,17,39,2024-06-03,2024-03-31,31 Loomis Park
80-658-6456,84,9,46,2024-06-08,2024-12-10,44051 Old Shore Junction
81-354-4203,76,57,78,2024-06-18,2024-04-28,12 Luster Terrace
08-573-9997,26,1,9,2025-02-10,2024-12-02,03 Little Fleur Pass
74-610-2295,61,31,100,2024-12-30,2024-09-26,87 Bluestem Parkway
76-070-1411,15,75,78,2025-02-01,2025-02-14,87578 Stoughton Parkway
61-582-7399,73,83,74,2024-03-29,2024-07-22,8 Hanover Center
42-674-3917,41,76,47,2024-09-15,2024-06-06,78 Forest Dale Road
05-899-1428,14,75,10,2024-10-04,2024-07-01,591 Maple Junction
74-548-9313,99,59,12,2024-06-24,2025-02-12,1 Judy Street
20-448-2972,80,6,92,2025-01-14,2024-09-16,49770 Hoffman Court
63-162-9244,49,89,65,2024-05-24,2024-05-17,04 Rockefeller Terrace
91-417-0366,25,74,100,2024-06-07,2024-12-04,1 Elmside Parkway
60-311-5701,39,78,97,2024-10-29,2024-07-17,9 Meadow Vale Drive
36-899-5324,94,58,17,2024-08-01,2024-12-19,3 Bashford Court
22-266-9291,11,17,59,2024-07-20,2024-04-08,111 David Hill
76-584-4790,21,52,80,2024-06-03,2025-01-01,1170 Shasta Circle
82-948-2298,38,91,94,2024-07-12,2024-11-21,555 Butternut Hill
97-283-4840,58,23,66,2024-04-29,2025-02-24,7232 Ridgeway Center
17-395-1121,85,16,74,2024-11-18,2024-12-03,8 Oriole Terrace
74-132-5528,63,62,98,2024-05-30,2025-01-22,611 Fieldstone Drive
52-029-2382,54,86,69,2024-11-26,2024-04-08,08896 Evergreen Avenue
11-053-0107,30,25,11,2024-12-25,2024-06-28,734 Thackeray Avenue
99-194-5600,57,25,98,2024-06-14,2024-05-14,973 Spaight Place
48-289-0604,18,72,71,2024-05-05,2024-06-20,5 Colorado Park
73-010-8323,16,34,89,2024-12-26,2024-04-29,811 Dapin Center
06-068-6793,39,80,68,2024-07-20,2024-08-15,25 Nancy Place
56-054-8664,59,82,69,2024-05-04,2024-03-03,01 Straubel Hill
36-330-5036,79,28,4,2025-02-01,2024-05-17,21 Golden Leaf Hill
65-674-6076,78,61,6,2024-05-27,2024-12-18,9738 Old Shore Trail
87-013-6488,22,10,53,2024-08-08,2024-04-14,07855 Goodland Lane
95-449-1286,10,17,70,2024-12-29,2024-09-08,1 Jackson Pass
95-640-0293,34,32,22,2024-05-02,2025-02-07,31 Sullivan Hill
08-495-6853,74,62,6,2024-12-27,2024-08-14,7943 Amoth Parkway
42-495-7698,10,11,29,2025-02-13,2024-07-22,91 Gateway Pass
83-727-0814,11,87,64,2024-08-30,2024-06-05,28 Boyd Pass
01-050-2246,99,68,1,2024-07-13,2024-09-08,38 Esch Pass
07-858-5487,64,14,44,2024-06-23,2024-12-29,6 Susan Alley
20-283-0111,58,55,5,2024-12-31,2025-01-06,0 Ruskin Way
87-391-9658,26,100,13,2024-11-23,2025-01-07,92486 Laurel Alley
44-782-1395,72,72,68,2024-09-29,2024-11-17,365 Vera Terrace
12-828-1063,36,82,85,2024-04-28,2024-08-05,018 Oxford Crossing
72-989-2512,24,21,4,2024-04-05,2024-10-28,61 Waubesa Court
53-667-4109,16,75,42,2024-07-23,2024-05-24,992 East Point
93-772-3085,39,19,18,2024-03-30,2025-01-20,07359 Porter Park
92-652-3737,89,56,74,2024-11-10,2024-10-01,66330 Northridge Street
74-404-0582,57,82,59,2024-09-10,2024-06-11,07 Maple Wood Drive
19-244-9890,61,22,98,2024-03-07,2024-11-09,620 Mockingbird Pass
01-839-6534,56,28,76,2024-10-25,2024-09-02,8 Hazelcrest Street
58-229-1358,21,24,2,2024-04-05,2024-09-28,1 Lillian Plaza
80-025-6757,59,29,100,2024-04-04,2025-01-01,183 Algoma Trail
35-031-1497,20,68,20,2025-01-09,2024-11-02,581 Oneill Crossing
26-629-5920,99,6,88,2024-05-15,2024-12-14,77563 Russell Lane
51-000-8113,24,27,35,2024-10-14,2024-11-20,51369 Dawn Hill
93-571-7294,78,94,7,2024-09-06,2024-05-22,76 Fisk Park
48-770-6319,52,31,18,2024-04-28,2025-02-02,34 Fremont Point
74-818-3306,45,70,98,2024-08-10,2024-05-09,62 Thackeray Center
15-082-9124,89,35,19,2025-01-31,2024-05-07,38 Dawn Street
66-854-5736,63,57,11,2025-01-11,2024-05-10,50880 Nobel Road
90-128-7973,49,3,7,2024-09-19,2024-03-13,46989 Crescent Oaks Junction
60-198-7050,26,59,54,2024-08-10,2024-03-19,5306 Arkansas Avenue
70-206-4860,93,68,71,2025-02-09,2024-09-17,75 High Crossing Junction
25-353-2067,81,16,69,2025-01-06,2024-07-25,59449 Sherman Parkway
93-218-8108,74,60,27,2024-06-17,2024-11-17,9848 Little Fleur Point
95-262-6208,19,78,90,2024-12-24,2024-07-29,44662 American Plaza
02-484-0206,64,97,91,2024-11-25,2024-08-02,60 Main Pass
08-226-5155,49,93,15,2024-04-27,2024-04-27,81503 Graedel Plaza
47-581-0363,99,10,88,2024-07-14,2025-01-20,8 Dawn Court
04-104-6993,60,1,42,2024-11-16,2024-10-15,55095 Northview Drive
45-380-4627,90,1,40,2024-10-20,2025-02-16,0 Thackeray Point
41-240-8856,79,53,12,2024-08-18,2025-01-10,8 Autumn Leaf Drive
81-573-0943,22,58,2,2025-02-07,2024-11-14,20 Marcy Circle
67-725-6830,51,47,6,2024-11-23,2024-06-18,9 Victoria Point
55-154-4728,65,63,41,2024-04-02,2024-03-29,96 Westridge Junction
41-526-4036,55,25,87,2024-05-13,2025-01-29,38726 Gina Pass
86-273-9377,18,86,20,2024-12-26,2024-11-29,1 Hollow Ridge Park
98-499-2220,37,3,45,2024-10-25,2024-11-21,27 School Court
50-930-4751,88,40,29,2025-02-24,2024-02-25,80380 Valley Edge Road
88-304-2855,20,51,33,2024-04-03,2025-02-12,0 Delladonna Place
69-743-0161,99,54,71,2024-10-22,2024-11-21,583 Loftsgordon Road
40-902-1995,46,88,20,2024-10-08,2024-04-01,1519 Delaware Court
50-329-3360,19,77,66,2024-11-07,2024-08-25,72 Crownhardt Circle
03-441-4252,12,83,93,2024-10-27,2024-07-24,6 Bobwhite Alley
97-093-4278,69,98,89,2024-10-29,2024-06-01,467 Dexter Pass
01-820-5784,63,38,77,2024-12-23,2024-04-26,6982 Crownhardt Circle
31-803-5001,78,16,37,2024-10-12,2024-06-01,64 1st Plaza
61-317-9944,72,20,71,2024-06-29,2024-10-29,21844 Artisan Trail
56-303-5256,58,24,25,2024-08-24,2024-03-21,3 Hermina Circle
86-672-4191,88,22,61,2025-01-04,2025-02-08,18 Troy Avenue
34-547-0827,54,53,33,2024-04-07,2024-07-05,18 Comanche Junction
20-387-7746,64,10,100,2024-10-14,2024-10-27,9050 Dorton Pass
50-329-3145,12,54,48,2024-11-06,2024-04-21,591 Maple Wood Drive
02-559-8196,61,14,49,2024-06-10,2024-07-25,545 Linden Alley
69-834-2874,28,62,81,2024-03-27,2024-10-07,39 Oxford Drive
27-474-0056,23,6,40,2024-03-20,2024-06-19,538 Bayside Parkway
66-378-7532,87,51,67,2025-01-07,2024-05-06,88678 Bayside Park
28-185-7303,59,31,3,2024-09-15,2024-10-22,25696 Westerfield Alley
19-854-3663,13,88,11,2024-11-19,2024-12-14,4 Dakota Avenue
42-175-1648,81,87,15,2025-01-08,2024-09-09,72778 Loftsgordon Center
56-657-4387,61,77,45,2024-03-21,2024-06-22,5 Lyons Street
05-720-8792,80,91,36,2024-03-24,2024-10-26,2 Northview Avenue
84-151-2114,39,57,54,2024-12-06,2024-08-11,12 Rigney Street
10-378-9729,69,21,68,2024-12-23,2024-09-21,2 Butterfield Pass
53-930-2215,60,43,32,2024-07-05,2024-07-09,292 Utah Street
02-034-6209,22,43,3,2025-02-01,2024-10-08,96 Brown Drive
28-003-8065,79,47,51,2024-07-19,2025-01-28,65 Merry Circle
19-021-5024,47,63,86,2024-05-19,2024-05-07,4 Heffernan Lane
07-846-4804,20,25,73,2024-10-08,2024-09-25,2 Fair Oaks Pass
70-542-4269,41,22,11,2024-06-19,2024-04-17,7 Victoria Hill
52-797-6961,46,80,88,2024-09-19,2024-06-17,13799 Quincy Park
66-327-2821,67,57,36,2024-08-02,2024-05-27,703 Hermina Center
12-093-9863,51,19,96,2024-11-23,2024-06-26,6748 Mitchell Road
08-396-2704,42,12,28,2024-03-10,2024-05-10,160 Crowley Center
72-970-0239,85,86,21,2024-06-30,2024-07-18,73966 Pond Trail
03-940-0630,23,43,75,2024-11-08,2024-04-03,27408 Burning Wood Street
67-130-4114,84,26,37,2024-04-15,2025-01-24,9327 Hanover Way
32-270-1385,28,38,23,2024-10-28,2024-08-08,0500 Calypso Pass
85-510-2915,62,49,38,2024-12-16,2024-10-09,8 Merrick Lane
00-842-9790,65,94,4,2024-07-31,2024-12-28,53894 Myrtle Place
49-377-9731,18,8,68,2024-06-02,2024-04-19,3 Meadow Valley Court
96-682-8546,70,29,24,2024-03-31,2024-09-17,97 Walton Avenue
92-837-8839,23,71,32,2024-04-14,2024-08-18,95 Lerdahl Park
68-732-5919,26,83,24,2025-02-07,2024-05-17,56 Bonner Point
37-064-7275,20,42,45,2024-03-22,2024-09-22,149 Lawn Way
43-193-9915,55,58,6,2025-01-17,2024-09-23,61 Transport Parkway
45-992-5653,82,67,67,2024-03-25,2024-10-19,5 Fisk Point
45-852-2446,73,12,28,2024-09-15,2024-11-29,56 Petterle Circle
57-394-4703,81,83,36,2024-10-26,2024-10-16,38 Banding Lane
07-679-1199,20,65,61,2024-07-04,2024-10-15,1991 Kropf Way
47-221-3391,78,38,27,2024-04-06,2024-09-12,0023 Upham Road
80-698-0324,84,58,28,2024-04-17,2024-05-25,7 Duke Parkway
36-383-3677,32,38,23,2024-06-16,2025-02-02,7 Anzinger Lane
42-907-6946,90,75,6,2024-07-06,2024-08-31,093 Anhalt Crossing
96-209-1739,70,81,75,2024-09-08,2024-02-29,779 Ridgeway Street
36-679-4670,90,22,20,2024-06-30,2025-01-13,5 Warner Court
08-637-9335,100,7,14,2024-12-16,2024-07-25,9 Cardinal Alley
56-875-3717,89,54,15,2024-10-09,2024-05-03,32 Cottonwood Pass
86-978-6666,38,43,28,2024-10-01,2024-09-15,21343 Brentwood Circle
41-475-5305,61,20,29,2024-04-19,2024-09-12,88 Hooker Parkway
25-911-7736,75,48,25,2024-12-11,2024-08-29,72090 Northfield Place
28-433-8533,87,70,77,2024-05-08,2025-02-02,8 Mayer Trail
84-624-0201,71,77,30,2024-07-17,2025-01-20,9 Eastlawn Crossing
45-634-0679,98,100,34,2024-10-13,2024-08-27,9 Anhalt Trail
93-014-4256,19,92,41,2025-01-05,2024-10-13,6 Bay Road
24-989-3302,85,90,16,2024-05-25,2024-07-30,736 Redwing Parkway
46-415-8633,71,36,45,2025-01-29,2025-01-02,5 Eggendart Parkway
73-117-6105,44,48,77,2024-08-23,2025-01-23,955 4th Road
53-710-7630,25,95,71,2024-06-25,2025-01-14,996 Thierer Center
10-617-7581,24,14,5,2024-06-20,2024-06-17,0 Lawn Parkway
66-312-5511,44,97,76,2024-05-27,2024-12-15,959 Dorton Pass
87-423-8486,63,4,46,2024-08-17,2024-03-09,5 Homewood Street
64-493-5270,69,59,29,2024-10-30,2024-05-22,4571 Fremont Way
31-255-9616,88,71,9,2024-03-14,2024-03-16,9440 Coleman Drive
26-799-3714,74,2,45,2024-02-29,2024-04-06,49225 Homewood Place
64-119-7804,98,43,9,2024-06-25,2024-12-29,06584 Mendota Avenue
74-181-4135,22,19,4,2024-04-18,2024-09-17,79878 Katie Trail
34-369-7712,55,96,40,2024-05-16,2024-06-06,0 Lerdahl Parkway
31-157-1822,96,80,20,2024-12-19,2025-01-28,803 Cottonwood Crossing
27-459-0724,91,7,64,2024-11-09,2025-02-24,4 Duke Way
47-441-7682,40,91,24,2024-07-29,2024-11-30,4247 David Crossing
32-676-1026,52,46,12,2024-12-18,2024-04-16,9433 Jenna Lane
77-959-1018,22,22,65,2025-01-15,2024-06-12,03 Ryan Circle
60-911-3745,98,41,98,2025-01-05,2025-01-18,75054 Ramsey Parkway
57-101-0060,59,73,86,2025-02-13,2024-09-11,78919 East Crossing
54-758-4622,99,3,79,2024-06-05,2024-11-21,865 Eagle Crest Park
92-152-5820,18,36,53,2024-05-12,2024-06-24,0920 Monica Pass
44-637-5512,58,12,99,2025-01-22,2024-05-26,00064 Mosinee Circle
65-854-9364,30,34,96,2024-11-04,2024-04-22,752 Mccormick Way
60-747-8704,97,97,71,2024-07-12,2024-08-22,561 Pennsylvania Way
85-835-3445,50,93,37,2025-01-11,2024-05-12,288 Fair Oaks Place
66-716-8221,70,96,35,2025-02-08,2025-01-17,54 Weeping Birch Lane
01-026-2772,40,61,47,2024-08-28,2024-05-27,3 Bunting Point
21-252-1360,75,23,34,2024-06-22,2024-07-04,32 Charing Cross Pass
80-039-1261,26,97,12,2024-09-25,2024-06-12,1 Havey Park
48-427-0551,13,55,77,2024-10-17,2024-11-03,2 7th Center
02-575-1980,11,58,32,2024-02-28,2024-11-24,34832 Autumn Leaf Terrace
61-293-6327,98,67,49,2024-08-09,2024-04-04,4353 Dixon Circle
08-519-5579,35,4,76,2024-08-09,2024-08-16,89 Karstens Alley
33-670-6797,45,56,64,2024-07-14,2024-07-05,2869 Hudson Drive
29-741-8132,47,22,69,2024-03-02,2024-06-03,85 Farwell Parkway
89-713-6071,89,66,28,2025-01-13,2024-11-25,60 Dottie Hill
00-641-8691,33,22,94,2024-11-28,2024-08-30,797 Mcbride Lane
68-977-6854,90,30,42,2024-08-19,2024-03-02,2633 Shasta Alley
86-257-4613,44,26,60,2024-03-15,2024-08-05,5 Prentice Pass
06-340-6856,41,56,12,2024-05-06,2024-02-29,84 Rusk Terrace
11-338-4598,72,58,69,2024-10-16,2025-02-23,9067 Valley Edge Park
82-711-0772,72,58,52,2025-02-15,2024-10-23,463 Oxford Crossing
05-184-4175,40,30,60,2024-09-05,2024-05-03,57 Di Loreto Circle
17-274-6898,36,53,92,2024-07-07,2024-03-22,657 Texas Street
79-569-8856,51,87,86,2024-04-01,2024-06-11,03643 Oakridge Lane
00-534-9775,87,91,23,2024-12-29,2024-08-17,68 Dakota Center
94-071-2261,79,37,98,2024-09-01,2024-03-30,2004 Cody Plaza
94-355-3070,14,52,80,2024-07-26,2024-07-23,116 Spaight Park
17-265-1899,81,35,82,2024-12-30,2025-02-10,4826 Drewry Center
13-888-0149,75,18,65,2025-02-17,2024-03-15,1 Logan Road
21-890-2826,48,12,62,2024-06-15,2024-09-19,84 Hoffman Way
05-425-0746,50,68,90,2024-12-12,2024-06-05,49884 Brickson Park Plaza
88-807-8431,11,87,43,2025-01-02,2025-02-09,2 Russell Alley
77-377-1659,74,22,91,2024-08-25,2024-06-19,6 Acker Street
92-362-3567,11,10,60,2024-10-10,2024-12-25,826 Melvin Pass
99-961-0767,85,15,30,2024-04-16,2024-12-06,40113 Blaine Place
94-092-3355,57,43,46,2024-06-13,2024-08-04,929 Thierer Lane
29-344-3658,75,56,57,2024-10-27,2024-09-19,7 Talmadge Street
60-327-4114,63,7,23,2024-09-07,2024-10-17,3 Bellgrove Way
13-409-9040,35,20,42,2024-06-30,2025-01-08,9623 Cottonwood Park
75-927-9108,24,32,17,2024-09-29,2024-07-02,43 Washington Street
30-806-3823,53,26,3,2024-03-02,2024-03-06,07 Pankratz Point
65-780-5622,74,81,41,2025-02-05,2024-05-27,65 Forster Way
94-598-3383,79,38,67,2024-07-05,2024-09-01,7403 Fuller Hill
45-250-4679,54,78,81,2024-05-02,2024-07-05,49148 Meadow Ridge Way
45-317-9731,44,83,78,2024-07-08,2024-08-20,70156 7th Junction
41-131-3841,77,19,31,2024-10-29,2024-03-20,16 Fair Oaks Pass
15-905-7750,42,61,52,2024-12-02,2024-09-29,36687 Maple Avenue
68-973-8812,44,77,45,2024-07-27,2024-05-24,55 Cherokee Circle
49-570-8214,81,76,10,2024-05-13,2024-12-18,1823 Elgar Park
57-779-4955,92,48,22,2024-11-29,2025-01-20,38436 Anthes Way
85-781-5386,78,68,86,2024-03-25,2024-12-28,10577 Thierer Plaza
72-341-1154,85,66,85,2025-01-06,2024-09-09,8682 Golf Course Junction
28-986-8001,65,69,4,2024-08-14,2024-10-13,4 Old Shore Avenue
82-811-7988,36,3,54,2024-03-03,2024-12-13,65 Chinook Circle
27-495-1912,26,63,88,2024-05-09,2024-05-24,12710 Gulseth Circle
44-480-9446,39,13,13,2024-09-13,2024-03-14,43591 East Road
77-937-1108,39,83,21,2024-12-31,2024-04-12,01 Hansons Crossing
82-538-4809,83,61,4,2024-09-16,2024-10-24,700 Northland Crossing
69-895-3397,28,5,9,2025-01-16,2024-03-04,98 Melody Street
44-112-3331,85,17,96,2024-11-05,2024-04-08,63787 Arkansas Street
93-682-2069,76,39,15,2024-12-06,2024-08-16,2718 Londonderry Plaza
49-199-6836,100,64,62,2024-12-15,2024-08-24,77 Brown Circle
47-221-2470,17,45,44,2024-07-25,2024-10-10,60 Messerschmidt Pass
71-067-3278,51,35,95,2024-10-22,2024-08-16,5521 Wayridge Center
89-388-3239,54,88,43,2025-02-12,2024-04-19,4346 Columbus Way
10-555-5971,94,56,80,2025-01-04,2024-09-27,8425 New Castle Parkway
82-931-7126,34,95,18,2024-10-14,2024-05-12,856 School Plaza
24-228-6840,27,1,3,2024-04-16,2024-11-28,68241 Hanson Circle
52-392-5312,50,42,20,2024-11-06,2024-07-24,336 Old Shore Lane
36-531-4087,85,12,94,2024-03-24,2024-03-14,2 Columbus Drive
39-810-2042,24,2,49,2024-06-02,2024-09-05,47817 Oneill Park
55-164-7723,82,31,86,2024-04-10,2025-01-08,6410 Northwestern Pass
61-680-9496,17,14,17,2024-03-24,2024-04-14,2 Northridge Street
24-143-4957,25,97,63,2024-10-22,2024-08-15,685 Independence Junction
26-456-1992,56,59,87,2025-01-26,2024-07-29,1792 Crownhardt Street
62-998-7250,72,3,10,2025-01-18,2024-10-05,9171 Redwing Street
38-617-7226,65,42,62,2024-10-24,2024-07-13,33145 Butterfield Avenue
00-366-9496,30,66,28,2024-08-09,2024-12-28,898 Rowland Trail
76-027-4850,39,37,48,2024-11-27,2024-06-24,425 Shasta Terrace
27-269-5260,14,81,65,2024-11-17,2024-10-22,1661 Springview Terrace
40-126-0515,74,37,57,2025-02-14,2024-12-18,28351 Cascade Plaza
31-387-5020,63,41,98,2024-10-22,2024-08-14,854 Kipling Point
13-673-7016,47,67,57,2024-12-04,2025-02-23,04 Hagan Crossing
85-212-2729,42,94,79,2024-12-17,2024-05-16,93 Longview Junction
99-048-8310,32,49,73,2024-07-06,2024-05-27,43 Lakewood Junction
19-112-1616,88,56,72,2025-01-12,2024-06-28,7698 Logan Drive
98-546-7398,80,69,71,2024-08-27,2024-04-17,15658 Talisman Lane
63-874-9747,36,59,90,2024-07-08,2024-11-11,183 Buell Park
58-946-5152,11,77,7,2024-10-26,2024-07-10,06 Lake View Trail
65-867-4029,40,83,50,2024-06-05,2024-06-16,36124 Carberry Junction
89-328-9019,63,43,8,2024-08-20,2024-12-08,33774 Carberry Circle
02-170-5225,90,75,43,2024-05-28,2025-02-23,36 Bobwhite Parkway
24-478-8277,47,26,40,2024-12-13,2024-11-26,55276 Golf Hill
91-290-9062,29,2,84,2024-03-21,2024-09-25,9821 Novick Hill
44-546-5713,94,69,68,2024-07-08,2025-02-13,832 Goodland Alley
20-031-0532,32,63,92,2024-11-17,2024-11-09,8239 Laurel Way
48-242-8445,40,3,5,2024-03-04,2024-06-24,29 Vera Drive
33-378-1365,50,66,1,2024-10-22,2025-02-04,23560 Talmadge Center
57-763-5501,72,29,10,2024-03-06,2024-03-24,46 Colorado Place
71-015-9181,22,35,55,2024-08-30,2024-10-26,62238 Mallory Place
14-115-8371,23,76,70,2025-01-07,2024-09-01,40 Cody Pass
83-568-3475,35,72,70,2024-04-17,2025-02-10,29150 Farmco Crossing
79-884-8810,12,93,29,2025-02-20,2024-08-15,546 Declaration Place
50-772-2613,86,23,1,2024-06-20,2024-03-23,7 Lunder Hill
19-377-5021,91,96,90,2025-02-14,2024-12-24,884 Sloan Drive
39-913-2999,23,99,97,2024-06-09,2024-04-10,15 Oriole Park
46-911-1159,98,40,100,2025-02-03,2024-12-19,9171 Norway Maple Trail
40-630-1431,29,66,21,2024-10-29,2024-11-07,8119 Homewood Drive
15-797-4824,32,27,26,2024-05-30,2025-01-14,25923 Loeprich Junction
37-248-6266,84,74,48,2024-12-24,2024-05-24,7051 Calypso Place
22-760-4605,86,20,67,2025-02-12,2024-08-03,09264 Forest Dale Drive
80-020-8041,11,58,26,2024-06-06,2024-07-08,662 Vernon Point
44-634-8292,60,69,64,2025-02-23,2025-01-02,46 Orin Drive
19-610-2236,58,48,9,2024-12-07,2024-03-19,8524 Shelley Way
49-579-4325,64,95,62,2024-05-24,2024-05-17,6 Anniversary Circle
42-134-9798,19,80,87,2024-10-11,2024-12-30,0087 Bluejay Plaza
84-546-7624,43,41,100,2024-06-16,2024-06-01,61057 Hallows Junction
11-891-8213,38,62,47,2024-12-02,2024-11-13,13 Westport Hill
03-597-9488,70,66,74,2024-11-11,2024-03-28,53 Lawn Circle
89-624-7462,18,3,39,2024-10-18,2024-11-24,25 Drewry Alley
89-335-0155,46,81,47,2024-09-05,2025-01-16,9 Kipling Road
59-725-4038,78,34,39,2024-11-13,2024-08-23,697 Hoepker Center
78-953-2073,53,20,75,2024-06-12,2025-01-04,085 Reinke Pass
91-426-3204,67,71,4,2024-12-19,2024-07-08,269 Dakota Trail
40-913-9772,36,30,44,2024-04-11,2024-05-26,553 Hooker Trail
89-922-4773,39,53,64,2024-06-22,2024-12-27,11 Thackeray Hill
17-236-0566,95,87,13,2024-10-12,2024-08-04,803 5th Alley
74-234-0628,12,56,92,2024-05-08,2024-05-13,2 Veith Crossing
80-441-7249,98,30,39,2024-11-25,2024-08-10,652 High Crossing Lane
54-708-7327,50,14,99,2025-01-09,2024-04-15,8182 Hazelcrest Place
15-846-7959,98,14,11,2024-04-17,2024-03-20,6251 Eliot Hill
44-368-7112,28,32,71,2024-12-22,2024-12-06,82 Hintze Court
03-833-3577,67,14,25,2024-05-02,2024-10-16,38 Killdeer Point
47-548-6500,20,93,37,2024-10-20,2024-12-25,06 Shopko Pass
12-342-4482,67,83,90,2024-10-27,2024-08-29,374 Blue Bill Park Point
07-834-3320,94,60,78,2024-12-08,2024-09-20,79 Monterey Avenue
16-187-5729,45,58,84,2025-01-06,2024-03-30,22555 Macpherson Plaza
64-109-7362,86,55,96,2024-12-19,2024-09-29,7 Harper Drive
06-655-5498,72,82,52,2024-08-03,2024-09-28,8569 Bashford Court
24-975-4231,31,61,28,2024-03-10,2024-08-17,62494 Longview Drive
98-652-9569,12,7,23,2025-02-06,2024-06-23,32 6th Lane
25-522-6043,71,93,75,2024-10-09,2025-02-03,890 Eggendart Pass
28-275-5901,64,1,92,2024-04-05,2025-01-24,4 Doe Crossing Avenue
96-164-0607,89,79,66,2024-07-31,2024-10-17,1275 Lawn Center
93-815-0565,50,36,96,2024-12-12,2024-07-01,8868 Armistice Place
63-918-8253,53,98,23,2025-02-24,2024-09-29,917 Westerfield Terrace
57-167-0669,19,99,78,2024-11-21,2024-12-30,1005 Lyons Junction
52-402-9245,89,40,64,2024-10-16,2024-09-19,185 Stone Corner Parkway
17-647-0503,96,12,8,2024-05-11,2024-08-20,0 Village Green Street
67-984-5368,52,56,34,2024-09-27,2024-07-28,0 Fordem Place
77-827-0820,97,20,8,2024-06-16,2024-11-09,8851 Superior Park
27-387-0428,88,42,68,2024-06-23,2024-04-09,1715 Dottie Pass
79-350-5841,33,44,89,2024-03-15,2024-04-17,75 Cascade Avenue
44-128-2185,98,20,81,2024-08-14,2024-12-30,012 Mockingbird Court
48-789-9187,45,79,95,2024-12-06,2024-11-15,41 Stephen Crossing
21-809-7115,80,86,50,2024-05-05,2025-02-24,3053 Sachs Center
19-323-0506,68,43,96,2024-11-17,2024-10-15,5 Ohio Lane
04-637-8815,90,91,62,2024-11-24,2024-11-24,537 Maple Alley
60-644-6596,89,67,89,2025-02-14,2024-11-10,22 Hudson Pass
58-005-5343,38,94,87,2024-05-27,2024-08-21,43211 Lakeland Place
67-382-4435,99,37,74,2024-07-25,2024-03-02,92 Bartelt Terrace
09-335-7793,66,19,20,2024-09-18,2024-06-01,5649 Vidon Plaza
46-496-2930,66,28,7,2024-04-27,2024-08-14,156 Golf Course Alley
35-353-4068,64,11,97,2024-12-26,2024-07-05,8583 Northwestern Terrace
45-050-4720,18,78,43,2025-01-04,2024-03-13,7 Ridge Oak Pass
87-104-0187,86,100,78,2024-04-06,2025-02-05,0 Moose Lane
85-806-8672,35,88,87,2024-04-05,2024-11-21,24 South Trail
54-281-3746,26,70,52,2024-09-07,2024-11-03,00 Ridgeway Plaza
35-257-9312,80,100,48,2024-08-18,2024-04-06,9463 Northland Court
63-897-8088,63,56,33,2025-01-09,2024-10-16,7944 Elgar Alley
24-986-5091,89,22,23,2024-05-12,2024-08-14,88 Lighthouse Bay Crossing
17-504-3699,80,60,71,2024-10-08,2024-08-17,18 Daystar Parkway
23-395-3157,41,66,50,2025-02-18,2024-03-16,74 Sugar Plaza
28-107-4953,53,19,94,2024-03-29,2024-10-18,29755 Daystar Street
46-083-7058,61,91,40,2025-01-08,2024-06-09,21530 Prentice Place
68-436-1268,70,92,74,2024-11-30,2024-07-11,1 Mockingbird Parkway
93-198-5984,73,69,1,2024-11-05,2024-09-17,54706 Prairieview Point
24-571-1080,60,15,89,2024-06-07,2024-04-11,5325 Milwaukee Lane
73-874-7534,88,24,44,2024-11-05,2024-12-18,901 Norway Maple Crossing
07-337-9889,95,6,59,2024-12-31,2024-09-29,4 Loomis Way
28-197-9246,47,30,16,2024-03-10,2024-05-23,8499 Hanover Terrace
83-400-9746,24,1,65,2024-11-18,2024-02-29,40 Merchant Terrace
24-579-6500,93,51,70,2024-04-22,2024-09-04,4 Stang Place
64-418-8356,80,24,60,2025-01-21,2024-04-28,1 Green Hill
15-884-7413,77,58,13,2024-06-22,2024-04-16,6225 Westend Pass
79-494-2472,42,48,18,2025-01-09,2024-04-23,1615 Bellgrove Crossing
36-177-0573,92,1,23,2024-08-27,2024-04-13,35 Portage Road
79-920-2395,81,23,17,2024-05-26,2024-07-16,911 Merry Junction
96-961-2193,46,39,11,2024-10-10,2024-11-10,63578 Butternut Hill
69-578-7930,44,67,31,2024-07-14,2024-06-05,83291 Hansons Crossing
40-205-8252,38,37,27,2024-06-14,2024-07-14,883 Marcy Place
18-107-7886,64,28,35,2024-11-05,2024-02-27,55309 6th Junction
35-328-8392,39,2,71,2024-04-29,2024-04-21,09 Londonderry Hill
21-650-9319,42,88,95,2024-03-28,2024-04-24,4 Hagan Court
99-894-4351,29,54,54,2024-10-27,2024-12-25,185 Saint Paul Road
63-168-6018,60,63,81,2025-01-26,2024-05-01,0847 Artisan Hill
26-000-1012,65,54,29,2024-11-30,2024-04-12,3 Bayside Point
13-900-9016,89,96,94,2024-06-10,2024-09-19,521 Burning Wood Trail
88-408-0310,50,40,69,2024-06-30,2024-08-26,5 Mesta Center
73-997-6251,94,18,84,2025-01-04,2024-09-17,1666 Dayton Terrace
50-679-2072,97,32,43,2024-10-06,2024-05-30,20 Butterfield Lane
89-673-1543,72,78,1,2024-11-10,2025-01-03,297 Petterle Way
56-937-8675,62,91,14,2024-09-21,2024-12-08,668 Claremont Place
14-836-2894,44,92,92,2024-03-08,2024-09-25,2 Hooker Terrace
87-903-3486,21,25,39,2024-07-30,2024-02-29,99 Twin Pines Alley
07-617-6934,91,39,48,2024-03-31,2024-11-16,9262 Sullivan Crossing
31-403-6234,87,24,66,2024-05-20,2024-05-04,35 Waxwing Center
29-092-3453,61,17,69,2024-05-22,2024-06-17,676 Redwing Trail
34-709-9237,61,81,99,2024-10-27,2024-04-24,1509 Hoard Circle
13-962-6263,49,1,28,2024-12-01,2024-11-18,7015 Ramsey Lane
06-731-2162,87,1,98,2024-04-07,2024-07-19,30968 Anzinger Court
10-768-2443,93,55,95,2025-02-11,2024-12-19,4 Orin Lane
36-372-2295,55,13,71,2024-04-26,2024-04-14,98 Bartillon Trail
34-538-1180,29,39,80,2024-05-29,2024-04-06,19 Aberg Trail
98-148-0940,63,62,18,2024-04-17,2024-11-05,588 Waywood Trail
38-390-2115,42,69,54,2025-01-19,2024-03-01,3 Del Mar Point
02-974-8526,74,4,39,2024-12-26,2024-08-07,42 Green Ridge Terrace
29-377-7040,22,77,15,2024-04-11,2024-07-29,9431 Clarendon Pass
84-327-7787,83,35,43,2024-08-14,2024-09-06,739 Rowland Way
82-231-4245,32,91,80,2024-10-18,2025-01-16,77 Monument Court
70-005-5970,84,46,80,2024-05-18,2024-12-24,82955 Dayton Street
63-936-0145,22,56,72,2024-04-09,2024-12-03,95 Kingsford Terrace
08-196-2703,100,52,2,2024-03-08,2024-10-17,56 Esker Park
22-778-3553,36,77,49,2024-04-10,2025-02-09,0782 Dapin Avenue
37-610-1999,14,67,65,2024-03-14,2024-10-19,3 John Wall Point
09-618-2842,38,82,17,2024-12-29,2024-08-06,642 Arizona Point
28-968-4195,97,52,80,2025-01-19,2024-10-13,5 Loftsgordon Trail
55-680-0982,64,66,28,2024-05-28,2024-08-19,0 Sutteridge Trail
43-851-9440,14,75,19,2024-12-24,2024-03-04,4033 Sloan Hill
14-331-3739,24,89,27,2024-04-10,2024-03-28,8 Thackeray Drive
54-830-6971,100,61,21,2024-09-21,2024-05-18,674 Ryan Alley
53-008-2419,62,36,96,2024-04-03,2024-05-27,63 Debra Park
39-358-3340,71,60,62,2024-08-27,2024-03-14,308 Doe Crossing Pass
28-146-2641,38,67,66,2024-04-01,2024-04-08,73 Graedel Street
83-556-0996,88,34,94,2024-12-27,2024-10-30,53 Forest Run Plaza
53-805-9523,40,30,65,2024-07-02,2024-05-14,94 Mallory Center
82-977-7752,88,78,17,2024-09-06,2024-11-04,58 Corscot Terrace
62-393-9939,60,9,89,2024-06-01,2024-10-05,5 Oxford Pass
31-745-6850,94,90,12,2024-10-03,2024-11-01,081 Jana Lane
86-692-2312,30,48,52,2024-06-11,2024-04-30,00616 Manitowish Parkway
28-044-4102,19,28,83,2024-11-26,2024-08-27,309 Burning Wood Center
