Product_ID,Sales_Volume,Last_Order_Date
29-205-1132,32,2024-06-29
40-681-9981,85,2024-05-29
06-955-3428,31,2024-06-10
71-594-6552,95,2025-02-19
57-437-1828,62,2024-10-11
21-120-6238,34,2024-05-26
71-516-1996,67,2024-05-07
39-629-5554,21,2024-04-09
66-268-8345,56,2024-06-02
46-452-9419,27,2024-11-14
51-469-4611,100,2024-05-24
42-220-9305,100,2024-12-11
75-094-1179,47,2025-02-09
11-073-0189,69,2024-09-21
22-621-2774,63,2024-06-30
39-449-0772,20,2024-04-02
55-936-2406,66,2024-03-09
82-041-7211,78,2024-05-19
48-414-6162,46,2024-11-08
76-854-0095,29,2025-02-08
25-349-7974,82,2024-05-28
66-627-9752,52,2024-10-01
78-614-4402,20,2025-02-14
67-025-1245,73,2024-03-06
68-418-6724,59,2025-01-13
40-795-0753,46,2025-02-22
02-508-3777,97,2024-07-07
79-741-0770,94,2025-02-24
31-211-5803,50,2024-08-21
16-499-5059,61,2024-11-19
76-340-4432,31,2024-03-28
38-732-7667,42,2024-10-13
04-240-2226,42,2024-06-28
79-136-9840,25,2024-08-19
73-401-5721,65,2024-10-28
91-848-0606,60,2024-07-23
54-109-8062,43,2025-01-19
70-612-2531,51,2025-01-25
26-161-6692,79,2024-09-07
43-893-5408,47,2024-03-20
11-316-8405,39,2025-02-24
34-086-3222,66,2024-12-25
21-816-1004,25,2024-12-04
43-693-2092,40,2024-10-21
63-270-7076,32,2024-06-12
90-230-9767,66,2024-05-01
05-334-2923,37,2024-11-22
52-481-5224,44,2025-02-07
11-325-7396,24,2024-10-18
70-854-6891,42,2024-11-28
46-520-1819,38,2024-10-04
91-105-7317,95,2024-12-28
40-751-8635,96,2024-10-17
02-920-4829,61,2024-06-14
36-918-2937,35,2025-02-12
68-761-6907,57,2024-07-21
69-468-5468,32,2024-06-10
27-635-8394,63,2024-11-13
41-729-5410,30,2024-04-05
33-335-9140,38,2024-08-20
11-581-9869,44,2024-12-12
78-237-0277,64,2024-09-23
75-152-8731,30,2024-11-12
65-718-0492,84,2025-01-23
55-697-5242,54,2024-06-30
14-844-4138,67,2024-10-25
20-225-3930,93,2024-02-29
66-993-4234,44,2025-01-16
87-762-1317,83,2024-11-20
81-844-2979,47,2025-01-15
44-408-7594,51,2024-05-01
26-010-9519,85,2024-11-26
65-464-5070,20,2024-03-16
07-970-9352,74,2024-05-16
88-746-9468,76,2025-02-03
06-336-5482,60,2024-03-08
03-276-3931,26,2024-09-18
39-232-5341,50,2024-10-24
12-239-9399,30,2024-07-29
75-080-4909,86,2024-04-12
70-815-4015,67,2024-07-15
11-032-9778,50,2025-01-27
54-374-9986,72,2024-10-22
77-312-6317,59,2024-09-13
13-844-2178,90,2024-09-21
22-141-9798,29,2024-09-20
20-022-3173,38,2024-11-10
26-177-5690,64,2024-07-15
70-871-4536,59,2024-11-13
06-611-5454,51,2024-10-11
89-543-3456,24,2024-06-22
82-395-5070,69,2025-02-17
14-305-5348,56,2024-10-12
82-243-3180,33,2024-07-31
25-010-9478,82,2024-10-13
13-202-4809,91,2024-07-28
67-270-7464,51,2024-08-24
11-733-1756,95,2024-11-27
80-988-4653,66,2024-09-14
60-343-7973,67,2024-04-29
34-861-4446,43,2025-01-18
67-710-5120,92,2024-12-29
49-891-4927,68,2024-02-26
55-522-8242,60,2024-03-30
62-509-0666,24,2024-05-15
64-478-4745,56,2024-04-20
35-835-5591,61,2024-06-05
26-690-3784,53,2024-10-14
67-546-1568,56,2024-06-16
67-625-9704,98,2024-09-26
31-969-4614,23,2024-06-06
50-364-5828,38,2024-06-14
61-827-4098,63,2024-07-15
87-698-0944,35,2024-08-27
36-636-4873,80,2025-01-17
98-556-5323,96,2024-08-12
97-772-2336,44,2025-02-03
19-047-4239,93,2024-03-30
41-316-8427,60,2024-09-06
15-907-3681,61,2025-01-27
14-305-9690,58,2024-06-29
40-860-4532,83,2024-02-27
44-552-3909,24,2024-02-26
75-029-9003,28,2024-10-07
74-587-2065,31,2025-02-20
70-149-6756,28,2025-01-06
29-896-7926,62,2024-06-01
54-822-9009,21,2024-06-08
84-075-7647,43,2024-10-21
88-602-8210,94,2024-06-19
04-542-3863,49,2024-12-11
57-613-5779,20,2024-03-11
90-737-0044,26,2025-01-17
28-956-1320,50,2024-10-18
87-791-5803,36,2024-03-09
14-521-4167,48,2024-06-29
51-572-5497,56,2025-02-13
28-840-6096,59,2025-02-14
44-538-3366,25,2024-04-17
51-459-5630,84,2024-09-29
02-655-3240,36,2024-05-21
42-887-6557,76,2024-07-10
96-316-7600,23,2024-07-27
58-063-8633,69,2024-06-30
43-703-9939,81,2024-05-22
88-069-5486,41,2024-07-13
74-845-3299,93,2025-02-12
81-605-6246,22,2024-03-02
73-561-2867,75,2024-06-29
19-967-0632,44,2025-02-04
23-070-2433,69,2024-04-11
27-262-2437,54,2024-11-20
39-479-5147,40,2024-08-18
71-085-4290,91,2024-10-07
48-957-6116,46,2024-05-16
83-917-7384,52,2024-08-24
26-031-8070,89,2024-05-25
03-149-9760,43,2024-07-13
53-680-5293,79,2024-05-31
49-861-7823,41,2024-07-13
24-364-3341,51,2024-04-11
80-374-5711,70,2024-10-05
76-325-9093,29,2024-10-19
30-429-2162,90,2024-12-06
53-446-8243,88,2024-07-26
67-473-7093,52,2024-03-20
98-235-2711,98,2024-12-31
07-219-8017,71,2024-08-13
97-040-3822,42,2024-08-23
10-002-6494,46,2024-07-08
12-998-3882,69,2024-08-17
31-746-4951,30,2024-05-20
87-097-5691,62,2024-08-29
34-075-0371,90,2025-01-10
40-810-9261,33,2024-12-09
46-931-6897,64,2024-06-15
58-182-6781,77,2024-06-29
06-706-6490,60,2024-07-03
47-578-4161,98,2024-03-10
18-199-5799,40,2024-04-28
00-357-2313,24,2024-11-26
83-704-6367,20,2024-09-02
01-144-5960,89,2024-05-29
96-774-0457,99,2024-03-12
24-310-9184,98,2024-07-26
10-255-8579,69,2024-07-24
38-417-4656,20,2024-04-13
53-080-8252,32,2024-09-24
14-681-7035,35,2024-08-07
96-503-7712,76,2024-07-28
98-064-4465,72,2024-10-01
84-198-7276,94,2025-01-16
18-278-2383,43,2024-09-15
20-054-3716,88,2024-09-16
63-822-5278,86,2024-12-13
01-439-6231,25,2024-10-28
06-690-2335,35,2024-06-16
47-554-5780,78,2024-06-22
70-587-1204,37,2024-07-15
97-710-2449,31,2025-01-23
51-462-0747,43,2025-02-07
90-492-0564,32,2024-06-25
63-956-0739,39,2025-02-21
30-832-5429,68,2024-10-05
38-822-8005,49,2025-01-12
73-118-1117,100,2024-05-05
60-285-3783,52,2024-03-28
00-215-7434,59,2025-02-19
68-734-1585,92,2024-04-16
08-703-1382,70,2024-03-06
65-282-0419,29,2024-07-17
62-777-6010,42,2024-03-06
87-675-1506,46,2024-12-07
67-027-7269,88,2024-11-30
72-066-4597,69,2024-12-08
31-627-6025,56,2024-09-03
09-286-8107,70,2024-09-07
77-013-1553,92,2024-10-13
15-762-1058,81,2025-02-07
48-193-1199,47,2024-12-24
01-173-0029,37,2024-07-05
79-400-6216,56,2024-03-10
80-072-8774,76,2024-07-06
78-689-8958,73,2024-02-27
57-562-2358,94,2025-01-19
56-191-6497,35,2024-10-04
46-753-8430,92,2024-11-19
48-461-3742,47,2024-05-17
16-354-8122,57,2025-01-22
76-954-1442,74,2024-04-24
44-476-0390,71,2024-04-27
35-617-3857,59,2024-03-21
94-029-2717,86,2025-02-06
49-526-7806,48,2024-11-19
99-137-1730,32,2024-02-28
27-442-3654,69,2024-08-26
32-933-0329,40,2024-07-14
93-813-2419,98,2024-04-09
85-440-3667,53,2024-06-03
77-224-2227,43,2024-09-30
60-632-8752,45,2024-04-04
99-561-4871,100,2024-08-20
61-607-7622,84,2025-02-21
11-745-3025,37,2025-02-21
56-810-0550,52,2024-12-02
59-075-2457,33,2025-02-03
40-021-2400,53,2024-11-16
29-017-6255,96,2025-01-06
92-291-7089,60,2024-07-26
69-287-9113,54,2024-06-29
76-540-6407,79,2025-01-17
85-561-4694,70,2024-08-15
34-928-2775,96,2025-02-24
90-773-9557,45,2024-06-30
57-394-1587,53,2025-02-17
28-008-2951,52,2025-01-16
74-711-7160,39,2024-12-28
22-895-6595,38,2024-06-04
19-214-5762,57,2024-04-24
95-349-0828,95,2024-08-29
00-963-2193,84,2025-02-03
76-459-2392,31,2024-04-13
10-034-7654,27,2024-10-25
24-972-6969,28,2024-05-28
94-190-5193,67,2024-11-21
92-791-0606,61,2024-04-28
84-629-1532,30,2024-11-27
68-977-2498,93,2024-05-20
91-257-3672,63,2024-12-18
09-536-2626,47,2024-08-26
61-801-8665,34,2024-12-06
38-296-6634,82,2024-03-31
30-591-7275,45,2025-02-19
83-763-5038,21,2024-09-09
37-709-3532,55,2024-11-07
62-795-7801,62,2024-07-28
98-575-4736,22,2024-05-25
57-861-4379,93,2024-05-15
00-119-8780,39,2024-07-16
28-824-9017,96,2024-06-08
56-668-5370,100,2024-09-10
29-756-7042,63,2024-04-15
41-538-3129,62,2024-03-17
16-380-0753,33,2024-05-16
26-535-4727,72,2024-08-17
59-857-6577,63,2024-08-10
14-550-2152,96,2024-06-18
39-315-3936,23,2024-09-25
87-199-2743,63,2024-09-15
60-771-0879,79,2025-02-11
00-440-9568,55,2024-09-04
07-074-1196,40,2025-01-10
69-674-5387,92,2024-06-27
08-940-8578,90,2024-10-04
94-020-6982,31,2024-10-05
42-879-9478,95,2025-02-23
00-405-7428,42,2025-01-27
87-997-0228,81,2024-10-24
05-498-7751,56,2024-07-10
55-631-7937,25,2024-06-19
27-389-3529,60,2024-04-23
84-272-0790,48,2024-11-18
01-903-5373,40,2024-06-20
49-311-3063,70,2024-10-03
04-277-5245,71,2024-07-28
04-453-5485,86,2025-01-10
42-141-5718,88,2025-01-06
89-602-6755,24,2025-02-07
15-045-8444,88,2024-07-12
15-240-6267,42,2024-04-10
05-193-8096,39,2024-03-19
93-342-8794,83,2024-12-07
83-716-2177,57,2024-10-10
56-635-6764,75,2025-01-16
10-249-7928,95,2024-04-03
65-759-3721,20,2024-05-24
08-725-8156,57,2024-11-10
15-679-3935,34,2024-06-15
81-578-7404,73,2024-08-11
82-380-5378,60,2024-06-03
78-362-8578,25,2024-11-17
32-261-0008,21,2025-02-18
74-943-9034,97,2024-11-18
86-330-0214,91,2025-02-18
80-334-0215,57,2024-04-30
48-957-8596,87,2024-04-24
37-246-0018,61,2025-01-14
17-002-4721,71,2025-02-18
47-802-5023,81,2024-10-18
22-319-1377,39,2024-03-03
57-903-6434,82,2024-03-10
22-083-3347,34,2024-04-29
65-145-9672,66,2024-03-16
95-252-9619,30,2024-12-07
74-294-3760,45,2024-11-30
06-797-4963,38,2024-08-15
39-768-8205,82,2024-07-17
03-043-9933,50,2025-02-09
29-823-6004,36,2024-04-04
40-462-2952,81,2024-10-14
71-999-2404,85,2024-08-05
03-919-9890,61,2024-12-07
94-525-6925,70,2024-05-16
08-213-2058,59,2024-09-07
51-312-8608,79,2024-10-02
67-512-9754,66,2024-07-21
45-402-0421,71,2024-12-08
85-207-4164,29,2025-02-06
72-780-6006,83,2024-12-13
93-166-3169,85,2025-02-13
21-718-6746,21,2025-01-20
93-966-7754,25,2025-01-18
47-663-5703,68,2024-06-14
34-110-1040,26,2024-06-09
82-342-7339,63,2024-07-31
43-670-8544,48,2024-05-14
12-439-8428,49,2024-09-14
49-919-8798,85,2024-08-04
73-567-6194,65,2024-12-10
83-573-4586,29,2024-10-19
12-798-9401,78,2024-05-12
02-895-7781,21,2024-09-26
83-625-3618,84,2025-01-11
89-181-4523,63,2024-06-23
95-354-8583,30,2025-02-11
90-303-1821,30,2024-08-03
71-631-5875,61,2024-09-09
02-275-6061,64,2024-03-26
04-001-1793,88,2025-02-02
47-749-3277,54,2024-02-29
37-666-3902,70,2024-08-11
73-942-0508,76,2025-01-14
57-359-3397,95,2024-10-02
46-436-5351,81,2024-09-30
27-881-1177,97,2024-07-03
85-237-3505,78,2024-11-13
80-371-3695,94,2024-11-30
04-758-0410,40,2024-08-16
65-644-1394,92,2025-01-06
04-293-6969,93,2024-09-02
40-997-2786,62,2024-05-23
91-553-1774,64,2024-09-05
13-980-8804,98,2024-10-01
19-672-8982,64,2025-01-23
35-299-0889,60,2024-07-11
17-022-9721,39,2024-12-13
22-849-2551,58,2024-12-20
53-050-8242,66,2024-03-16
88-183-5781,93,2024-08-24
09-101-1740,73,2024-12-20
98-445-7372,56,2024-10-03
29-875-6900,35,2025-01-23
27-757-4489,95,2025-01-19
51-069-0489,81,2024-03-30
20-325-1965,42,2024-04-04
76-090-4411,38,2024-08-10
01-703-8441,76,2025-01-01
09-622-7119,99,2025-01-30
45-172-7012,35,2024-12-13
06-849-4869,46,2025-02-19
30-996-2526,98,2024-02-28
71-074-6292,100,2024-06-10
98-909-9395,35,2024-08-31
61-796-6540,23,2024-06-02
41-735-9837,32,2024-08-28
60-343-3288,54,2025-01-01
27-783-5470,21,2024-07-27
60-456-8169,69,2024-02-28
99-420-3592,47,2024-07-21
35-836-6718,50,2025-01-25
51-273-4240,30,2024-09-26
38-924-3007,46,2025-01-05
52-123-8039,78,2024-09-03
34-131-8805,50,2024-09-10
28-505-8317,92,2024-07-23
41-594-5069,58,2025-02-05
94-658-4945,71,2025-02-12
69-561-2496,77,2024-03-18
98-858-6323,50,2025-01-07
92-995-8689,63,2024-10-17
43-164-5984,26,2024-06-17
58-122-2282,45,2024-06-30
84-269-9130,48,2024-09-27
11-922-3342,80,2024-06-10
60-550-4771,49,2024-10-03
88-951-9038,89,2024-10-11
08-114-3922,34,2024-02-25
70-145-2550,38,2024-08-07
51-761-6320,48,2024-08-30
55-803-3964,31,2024-08-26
11-815-7923,78,2024-06-16
83-966-3280,80,2024-10-13
29-592-7315,61,2024-07-04
65-235-7676,74,2024-08-01
40-683-0283,57,2024-05-04
83-553-9523,76,2025-02-14
40-793-7235,23,2024-12-09
74-666-5671,27,2024-05-10
90-865-9150,82,2024-05-12
46-255-3073,48,2025-01-06
11-155-7826,39,2025-01-31
99-543-5039,89,2024-11-20
99-033-5661,35,2025-01-27
28-608-0039,33,2024-05-21
35-529-2933,85,2024-10-23
83-321-7887,96,2024-11-29
43-910-2342,47,2024-06-08
21-633-8696,93,2024-04-06
76-401-7083,47,2024-10-03
92-551-8504,39,2025-02-22
76-264-0748,39,2024-06-01
88-586-8797,59,2024-08-25
21-993-5632,23,2024-04-14
27-681-5588,54,2024-10-26
23-265-8144,62,2024-11-09
26-134-9069,90,2024-11-11
76-623-7844,50,2024-08-23
88-977-0175,47,2024-03-21
12-714-5135,70,2025-01-14
43-153-8268,79,2025-01-29
95-130-9020,69,2024-06-20
82-678-8097,90,2024-08-24
21-693-8216,34,2024-09-03
56-831-6199,96,2024-02-25
81-268-5905,48,2024-07-30
41-237-5498,56,2024-12-24
32-987-5559,28,2025-01-30
71-436-5841,47,2024-09-25
63-890-1246,76,2024-05-16
65-368-2479,81,2024-03-10
74-562-7431,74,2024-03-20
51-583-6029,72,2024-08-18
06-996-3221,48,2024-12-04
96-334-2593,43,2024-06-27
58-219-0241,27,2024-05-12
87-272-6544,51,2024-05-03
95-357-2870,22,2024-05-13
88-401-3700,30,2025-02-04
72-404-5581,60,2024-08-07
11-766-8738,70,2024-11-30
15-796-3130,83,2024-04-17
73-751-4393,37,2024-06-07
62-100-2245,62,2024-11-08
08-961-3009,60,2024-12-19
33-440-2588,73,2024-09-16
24-009-1208,89,2024-06-10
71-300-2191,67,2024-05-06
74-430-8245,75,2024-08-15
68-636-4774,44,2024-08-30
38-655-2312,80,2024-04-09
16-632-1308,31,2024-05-21
37-606-0510,73,2024-06-09
36-296-9609,91,2024-06-24
22-329-7791,24,2025-01-13
56-894-3733,49,2024-03-17
06-858-5680,49,2025-01-12
71-954-4501,27,2024-10-08
12-046-2988,23,2025-01-24
95-356-1566,42,2025-02-21
34-291-4939,78,2024-11-24
35-621-2546,68,2024-04-07
21-013-3508,25,2024-06-13
38-049-9319,21,2024-04-29
94-697-2396,58,2024-02-26
33-807-7247,62,2024-07-07
62-816-8794,90,2024-06-17
33-507-9886,25,2024-08-19
40-003-7322,38,2025-02-16
95-090-2788,86,2024-04-05
06-503-5891,76,2024-09-23
38-555-9147,34,2024-04-29
64-854-8664,46,2025-01-25
50-942-2409,96,2024-04-23
17-493-4579,24,2024-11-08
10-854-5467,61,2024-05-04
11-604-6002,79,2024-06-18
44-305-1866,95,2024-07-02
49-730-0159,48,2024-12-10
70-534-7796,22,2024-06-25
95-738-4658,81,2024-11-26
20-405-4865,46,2024-11-05
79-428-8753,34,2024-07-06
10-626-8536,76,2025-01-29
27-216-9671,77,2024-04-12
14-489-8669,77,2024-11-05
46-632-8420,89,2024-12-21
39-192-3521,46,2025-02-22
94-528-8088,66,2024-07-24
74-305-1263,28,2024-07-10
53-151-5726,34,2025-01-12
02-085-7218,57,2024-06-25
77-777-4536,54,2024-09-12
86-482-6451,63,2024-10-27
36-127-4273,88,2024-07-03
03-061-1344,62,2024-07-19
97-300-7511,90,2024-07-17
83-108-1174,89,2024-03-05
38-664-2155,52,2024-04-12
80-459-5950,100,2024-10-02
93-015-0811,88,2024-08-05
02-888-9412,92,2024-03-28
10-218-2680,26,2024-05-28
30-964-2694,51,2024-05-12
15-144-9413,52,2024-06-30
17-253-5688,47,2024-07-07
31-608-1445,54,2025-02-15
51-934-9117,56,2024-07-28
72-810-9753,51,2025-02-07
53-146-9979,37,2024-10-11
46-622-3434,58,2024-12-08
47-843-8207,28,2024-04-10
29-135-0791,71,2024-12-21
45-194-4094,60,2024-06-14
09-712-3630,22,2024-03-25
56-213-0577,24,2024-05-23
78-956-4737,32,2024-05-19
29-436-6570,73,2024-09-27
04-038-1547,27,2024-11-24
76-476-9996,35,2025-01-14
43-469-7551,36,2024-05-26
15-169-8058,58,2024-09-23
37-567-3218,38,2024-10-31
92-455-2959,90,2024-07-16
75-672-4378,45,2024-11-16
66-806-6051,56,2024-07-01
65-527-9488,59,2024-06-24
36-840-2728,31,2024-08-10
07-389-5740,96,2024-03-12
13-144-2169,57,2024-12-01
13-798-3397,34,2024-05-09
85-806-0613,50,2025-01-01
67-248-6306,64,2024-10-02
47-866-6589,30,2025-02-03
91-127-7489,42,2024-12-10
90-343-9640,22,2024-04-06
01-018-6418,70,2024-09-27
80-375-9075,71,2024-10-20
80-227-6886,46,2025-01-12
15-562-3712,90,2024-06-20
10-137-9759,82,2024-09-03
69-171-1305,25,2024-06-18
83-117-7658,62,2024-02-25
74-642-2435,85,2024-12-28
10-445-0741,33,2024-07-11
80-658-6456,30,2024-05-19
81-354-4203,52,2024-06-27
08-573-9997,82,2024-04-05
74-610-2295,95,2024-03-16
76-070-1411,71,2025-02-12
61-582-7399,87,2025-02-05
42-674-3917,50,2024-04-20
05-899-1428,65,2025-01-25
74-548-9313,52,2024-09-20
20-448-2972,26,2025-01-20
63-162-9244,37,2024-08-11
91-417-0366,41,2024-12-07
60-311-5701,54,2024-10-19
36-899-5324,57,2024-07-05
22-266-9291,69,2024-03-27
76-584-4790,49,2024-11-04
82-948-2298,53,2025-02-17
97-283-4840,82,2024-05-12
17-395-1121,58,2024-10-08
74-132-5528,62,2024-03-21
52-029-2382,29,2024-08-15
11-053-0107,42,2024-07-12
99-194-5600,78,2024-02-25
48-289-0604,25,2024-08-12
73-010-8323,35,2024-02-27
06-068-6793,46,2024-08-06
56-054-8664,30,2024-03-25
36-330-5036,42,2024-09-20
65-674-6076,49,2024-10-06
87-013-6488,64,2024-10-26
95-449-1286,100,2024-12-23
95-640-0293,42,2024-11-02
08-495-6853,65,2025-01-13
42-495-7698,29,2024-10-08
83-727-0814,29,2024-06-08
01-050-2246,59,2024-02-25
07-858-5487,53,2024-05-16
20-283-0111,62,2024-04-17
87-391-9658,45,2024-09-18
44-782-1395,39,2024-06-26
12-828-1063,27,2024-03-29
72-989-2512,85,2024-06-27
53-667-4109,22,2024-03-21
93-772-3085,58,2024-07-18
92-652-3737,27,2024-07-30
74-404-0582,44,2024-11-20
19-244-9890,90,2024-10-02
01-839-6534,93,2025-02-04
58-229-1358,87,2024-09-11
80-025-6757,74,2024-11-29
35-031-1497,38,2024-07-04
26-629-5920,49,2024-07-16
51-000-8113,49,2025-01-31
93-571-7294,69,2024-11-03
48-770-6319,77,2024-11-21
74-818-3306,25,2024-07-27
15-082-9124,49,2024-10-08
66-854-5736,20,2024-12-23
90-128-7973,75,2024-10-31
60-198-7050,92,2024-11-24
70-206-4860,30,2024-03-11
25-353-2067,23,2024-08-04
93-218-8108,99,2024-05-22
95-262-6208,72,2024-04-15
02-484-0206,48,2024-08-20
08-226-5155,52,2024-05-01
47-581-0363,69,2024-12-05
04-104-6993,42,2024-08-27
45-380-4627,52,2025-01-11
41-240-8856,45,2024-05-29
81-573-0943,33,2024-06-28
67-725-6830,53,2024-08-11
55-154-4728,28,2025-01-07
41-526-4036,69,2024-03-02
86-273-9377,64,2024-12-04
98-499-2220,39,2024-04-22
50-930-4751,96,2024-06-24
88-304-2855,80,2025-01-24
69-743-0161,80,2024-08-14
40-902-1995,59,2024-12-08
50-329-3360,62,2025-02-16
03-441-4252,22,2024-06-28
97-093-4278,29,2024-04-09
01-820-5784,23,2025-02-12
31-803-5001,25,2024-12-04
61-317-9944,87,2024-05-17
56-303-5256,75,2024-11-17
86-672-4191,54,2024-09-29
34-547-0827,94,2025-01-17
20-387-7746,97,2024-06-05
50-329-3145,31,2024-12-20
02-559-8196,74,2024-12-12
69-834-2874,28,2024-06-25
27-474-0056,95,2024-12-19
66-378-7532,55,2024-06-05
28-185-7303,48,2025-01-21
19-854-3663,100,2024-05-05
42-175-1648,94,2025-01-25
56-657-4387,51,2024-02-29
05-720-8792,81,2024-07-08
84-151-2114,77,2024-03-06
10-378-9729,36,2024-11-26
53-930-2215,77,2024-10-04
02-034-6209,45,2024-07-26
28-003-8065,83,2025-02-16
19-021-5024,76,2025-02-13
07-846-4804,78,2024-07-02
70-542-4269,86,2024-04-23
52-797-6961,62,2024-06-07
66-327-2821,78,2024-04-10
12-093-9863,73,2025-02-09
08-396-2704,80,2024-04-01
72-970-0239,78,2024-07-24
03-940-0630,91,2024-10-31
67-130-4114,46,2024-02-27
32-270-1385,48,2024-12-15
85-510-2915,42,2024-05-29
00-842-9790,66,2025-01-30
49-377-9731,54,2024-10-03
96-682-8546,62,2024-10-26
92-837-8839,63,2025-01-16
68-732-5919,75,2024-10-29
37-064-7275,72,2024-06-25
43-193-9915,48,2024-07-12
45-992-5653,26,2024-07-07
45-852-2446,89,2024-06-08
57-394-4703,74,2025-01-07
07-679-1199,51,2024-07-10
47-221-3391,54,2024-07-09
80-698-0324,51,2025-02-04
36-383-3677,52,2024-05-29
42-907-6946,55,2025-01-01
96-209-1739,24,2024-02-27
36-679-4670,81,2025-02-22
08-637-9335,26,2024-03-06
56-875-3717,64,2024-08-01
86-978-6666,34,2024-07-26
41-475-5305,71,2024-03-13
25-911-7736,96,2024-08-17
28-433-8533,73,2024-02-27
84-624-0201,34,2024-11-09
45-634-0679,53,2024-02-28
93-014-4256,51,2025-01-11
24-989-3302,61,2024-06-03
46-415-8633,87,2024-11-17
73-117-6105,67,2024-09-17
53-710-7630,24,2024-07-09
10-617-7581,98,2024-03-30
66-312-5511,80,2024-04-10
87-423-8486,40,2024-03-21
64-493-5270,63,2024-05-23
31-255-9616,28,2024-12-28
26-799-3714,37,2025-02-03
64-119-7804,86,2024-03-06
74-181-4135,88,2024-03-17
34-369-7712,23,2024-05-11
31-157-1822,94,2024-07-30
27-459-0724,32,2024-08-12
47-441-7682,28,2024-12-12
32-676-1026,43,2024-06-04
77-959-1018,62,2024-04-30
60-911-3745,70,2024-08-31
57-101-0060,32,2025-01-01
54-758-4622,65,2025-01-16
92-152-5820,65,2024-05-01
44-637-5512,71,2025-01-12
65-854-9364,61,2024-12-19
60-747-8704,53,2024-09-29
85-835-3445,78,2024-03-02
66-716-8221,63,2024-06-24
01-026-2772,76,2024-06-11
21-252-1360,100,2024-09-04
80-039-1261,94,2024-11-28
48-427-0551,67,2024-12-16
02-575-1980,99,2024-07-09
61-293-6327,21,2024-12-29
08-519-5579,90,2024-08-22
33-670-6797,35,2024-08-26
29-741-8132,26,2024-07-14
89-713-6071,39,2024-11-19
00-641-8691,96,2024-09-24
68-977-6854,76,2024-07-29
86-257-4613,63,2024-08-23
06-340-6856,93,2024-11-25
11-338-4598,96,2025-02-03
82-711-0772,36,2024-05-16
05-184-4175,33,2024-10-23
17-274-6898,67,2024-06-01
79-569-8856,24,2024-05-19
00-534-9775,90,2024-05-23
94-071-2261,33,2024-03-02
94-355-3070,64,2024-07-13
17-265-1899,86,2024-03-25
13-888-0149,32,2024-12-30
21-890-2826,59,2024-05-04
05-425-0746,40,2024-05-09
88-807-8431,86,2024-06-06
77-377-1659,24,2025-01-22
92-362-3567,93,2024-05-06
99-961-0767,95,2024-10-25
94-092-3355,87,2024-12-01
29-344-3658,63,2024-10-25
60-327-4114,78,2024-11-22
13-409-9040,53,2024-08-05
75-927-9108,55,2024-06-17
30-806-3823,100,2024-07-04
65-780-5622,51,2024-05-02
94-598-3383,43,2024-10-08
45-250-4679,41,2024-11-23
45-317-9731,46,2025-01-07
41-131-3841,27,2025-01-23
15-905-7750,86,2025-01-31
68-973-8812,89,2024-06-22
49-570-8214,68,2024-05-27
57-779-4955,38,2024-12-01
85-781-5386,47,2024-03-20
72-341-1154,65,2024-10-31
28-986-8001,80,2024-06-15
82-811-7988,74,2024-06-13
27-495-1912,84,2024-02-29
44-480-9446,84,2025-02-19
77-937-1108,73,2024-04-23
82-538-4809,35,2024-11-05
69-895-3397,33,2025-01-16
44-112-3331,92,2024-07-02
93-682-2069,77,2024-06-23
49-199-6836,84,2024-12-30
47-221-2470,37,2024-04-03
71-067-3278,80,2024-05-08
89-388-3239,81,2024-05-24
10-555-5971,47,2024-12-02
82-931-7126,41,2024-10-17
24-228-6840,34,2024-08-09
52-392-5312,87,2025-02-19
36-531-4087,26,2024-10-25
39-810-2042,98,2025-01-25
55-164-7723,66,2024-05-17
61-680-9496,36,2024-10-05
24-143-4957,72,2024-06-22
26-456-1992,65,2024-12-23
62-998-7250,52,2024-07-31
38-617-7226,54,2024-06-19
00-366-9496,63,2025-02-08
76-027-4850,25,2024-08-26
27-269-5260,74,2024-03-15
40-126-0515,91,2024-03-04
31-387-5020,37,2024-12-17
13-673-7016,36,2024-07-22
85-212-2729,61,2024-12-21
99-048-8310,80,2024-04-22
19-112-1616,25,2024-04-12
98-546-7398,41,2024-05-03
63-874-9747,25,2024-12-09
58-946-5152,77,2024-11-05
65-867-4029,92,2024-09-03
89-328-9019,55,2024-04-20
02-170-5225,80,2024-09-18
24-478-8277,30,2025-01-12
91-290-9062,80,2024-04-19
44-546-5713,24,2025-01-16
20-031-0532,84,2024-07-25
48-242-8445,45,2024-06-15
33-378-1365,76,2024-12-07
57-763-5501,54,2024-04-07
71-015-9181,41,2024-08-27
14-115-8371,97,2024-09-19
83-568-3475,74,2024-04-04
79-884-8810,45,2024-12-06
50-772-2613,100,2024-05-19
19-377-5021,90,2024-08-11
39-913-2999,68,2024-04-06
46-911-1159,46,2024-10-30
40-630-1431,74,2024-07-11
15-797-4824,38,2024-11-20
37-248-6266,64,2024-10-17
22-760-4605,83,2024-07-07
80-020-8041,49,2024-12-03
44-634-8292,51,2024-03-09
19-610-2236,98,2024-08-03
49-579-4325,55,2024-08-22
42-134-9798,33,2024-10-23
84-546-7624,27,2024-04-08
11-891-8213,41,2024-12-12
03-597-9488,47,2024-07-11
89-624-7462,58,2025-02-16
89-335-0155,48,2024-09-11
59-725-4038,62,2024-08-26
78-953-2073,83,2024-10-01
91-426-3204,76,2024-04-14
40-913-9772,68,2024-03-03
89-922-4773,92,2024-07-02
17-236-0566,61,2024-03-02
74-234-0628,56,2024-12-15
80-441-7249,31,2024-04-14
54-708-7327,52,2024-03-28
15-846-7959,48,2024-12-01
44-368-7112,32,2024-05-02
03-833-3577,81,2024-08-20
47-548-6500,23,2024-03-07
12-342-4482,66,2024-09-30
07-834-3320,100,2024-03-07
16-187-5729,90,2024-03-21
64-109-7362,37,2024-07-09
06-655-5498,51,2024-07-09
24-975-4231,55,2024-07-09
98-652-9569,72,2025-02-17
25-522-6043,77,2024-08-19
28-275-5901,49,2024-04-23
96-164-0607,91,2024-12-20
93-815-0565,53,2024-08-12
63-918-8253,41,2024-07-04
57-167-0669,29,2025-02-17
52-402-9245,93,2025-02-12
17-647-0503,97,2024-05-24
67-984-5368,31,2024-10-04
77-827-0820,51,2024-11-06
27-387-0428,92,2024-11-29
79-350-5841,93,2024-09-05
44-128-2185,51,2024-07-10
48-789-9187,84,2024-06-26
21-809-7115,46,2024-07-22
19-323-0506,75,2024-04-28
04-637-8815,34,2024-11-27
60-644-6596,96,2025-01-05
58-005-5343,89,2024-05-03
67-382-4435,46,2024-12-21
09-335-7793,30,2024-09-07
46-496-2930,85,2024-10-26
35-353-4068,33,2024-12-18
45-050-4720,85,2024-07-05
87-104-0187,52,2024-05-28
85-806-8672,39,2024-10-12
54-281-3746,36,2024-03-10
35-257-9312,100,2024-10-12
63-897-8088,35,2024-06-07
24-986-5091,83,2024-06-25
17-504-3699,98,2024-06-15
23-395-3157,55,2024-07-30
28-107-4953,82,2024-11-12
46-083-7058,34,2024-08-27
68-436-1268,95,2024-08-17
93-198-5984,50,2024-05-14
24-571-1080,21,2025-02-21
73-874-7534,72,2024-11-08
07-337-9889,49,2024-08-15
28-197-9246,22,2024-07-11
83-400-9746,58,2024-07-12
24-579-6500,81,2024-06-12
64-418-8356,98,2024-11-13
15-884-7413,63,2024-05-23
79-494-2472,39,2024-04-19
36-177-0573,78,2024-10-02
79-920-2395,92,2024-05-08
96-961-2193,36,2024-08-16
69-578-7930,44,2024-03-18
40-205-8252,45,2024-10-05
18-107-7886,74,2024-11-07
35-328-8392,20,2024-03-18
21-650-9319,67,2025-01-28
99-894-4351,58,2025-02-24
63-168-6018,74,2024-10-03
26-000-1012,69,2024-11-29
13-900-9016,38,2025-01-06
88-408-0310,28,2024-03-31
73-997-6251,44,2024-10-15
50-679-2072,82,2024-05-03
89-673-1543,85,2024-03-28
56-937-8675,41,2024-05-31
14-836-2894,41,2025-01-11
87-903-3486,79,2024-09-10
07-617-6934,48,2024-12-21
31-403-6234,22,2024-11-24
29-092-3453,31,2024-05-07
34-709-9237,26,2024-03-13
13-962-6263,97,2024-12-23
06-731-2162,61,2024-10-07
10-768-2443,56,2024-03-05
36-372-2295,37,2024-10-22
34-538-1180,23,2024-11-03
98-148-0940,67,2024-04-02
38-390-2115,43,2024-03-06
02-974-8526,97,2024-04-05
29-377-7040,68,2024-05-29
84-327-7787,94,2024-08-26
82-231-4245,69,2024-08-28
70-005-5970,66,2024-10-02
63-936-0145,70,2024-06-08
08-196-2703,86,2024-11-29
22-778-3553,30,2024-10-24
37-610-1999,71,2024-10-19
09-618-2842,52,2024-03-21
28-968-4195,22,2024-07-17
55-680-0982,25,2025-01-14
43-851-9440,100,2024-05-11
14-331-3739,99,2024-10-15
54-830-6971,85,2024-12-25
53-008-2419,31,2024-04-10
39-358-3340,60,2024-03-25
28-146-2641,35,2024-12-21
83-556-0996,95,2025-02-20
53-805-9523,54,2024-03-19
82-977-7752,58,2024-12-28
62-393-9939,95,2024-06-02
31-745-6850,98,2024-10-24
86-692-2312,22,2024-12-07
28-044-4102,91,2024-03-01
