Supplier_ID,Supplier_Name
38-037-1699,Jaxnation
54-470-2479,Feedmix
54-031-2945,Vinder
63-492-7603,Brightbean
54-226-4308,Topicstorm
86-292-4587,Dabjam
04-391-7610,Tagfeed
67-679-4930,Muxo
32-182-1895,Thoughtstorm
67-137-4215,Wordify
62-029-0827,Fivebridge
56-092-7992,Zooxo
57-615-0729,Vitz
75-190-3627,Voomm
70-901-6191,Babblestorm
84-504-7617,Youfeed
29-689-5014,Mynte
03-615-0558,Reallinks
10-060-8515,Skivee
38-883-3382,Mydeo
82-737-6019,Devshare
87-839-6400,Jabbertype
51-014-4287,Gigazoom
28-575-0716,Chatterbridge
75-465-6257,Feedspan
47-183-4911,Mydo
69-933-2582,Realpoint
67-771-7656,Photospace
75-503-9347,Gigazoom
09-090-6360,Centizu
79-915-4185,Brainverse
88-663-3393,Photojam
65-842-6819,Kamba
07-809-0926,Pixonyx
38-622-5251,Midel
68-836-0350,Skyble
04-726-3363,Linklinks
94-217-4781,Flipbug
61-796-7912,Kare
25-414-2945,Snaptags
50-918-1373,Twitternation
34-017-9457,Layo
68-482-4786,Realpoint
19-469-9841,Kayveo
85-532-0172,Roombo
70-515-9048,Voonyx
41-772-6271,Browsezoom
46-382-2024,Fiveclub
98-940-7545,Skipfire
79-575-9351,Flashspan
10-762-7936,Katz
84-047-0017,Devshare
48-878-3021,Yamia
41-587-4864,Skyble
53-844-0478,Kwinu
31-199-3683,Brainverse
37-099-6976,Vinte
87-893-6089,Twitterwire
71-727-8611,Ntag
08-209-1598,Blogspan
22-867-3079,Avaveo
50-314-5433,Brainbox
05-593-1927,Voonix
91-492-8216,Midel
74-726-0855,Shufflebeat
90-534-2165,Flipbug
73-069-2753,Skipstorm
15-852-0491,Gigazoom
58-474-3510,Dazzlesphere
02-575-7332,Realblab
08-828-3804,Eire
28-837-4164,Blogtag
01-517-7793,Ntags
14-724-4622,Tagtune
06-159-1957,Skiba
99-784-4391,Voolia
42-224-8186,Oyoloo
23-319-2681,Feedmix
53-584-1853,Tagtune
34-726-5887,Tagopia
89-134-9717,Ozu
42-380-8881,Edgepulse
33-818-4917,Oyondu
12-950-4397,Abatz
66-832-1802,Browsetype
59-849-9942,Photobean
54-188-1006,Mydeo
06-708-1412,Skinte
72-514-7323,Cogilith
43-786-9229,Bluezoom
23-178-8962,Jaloo
01-801-9502,Vidoo
71-092-6845,Shuffledrive
18-631-1458,Zooxo
24-576-3402,Topicblab
24-281-7685,Katz
83-960-5274,Yadel
27-970-8649,Mynte
02-272-0535,Livetube
06-303-4127,Zoombox
40-696-4237,Photobug
00-131-9278,Skynoodle
89-155-3471,Midel
48-884-5431,Feedbug
16-419-1419,Brainverse
36-780-8625,Mydo
54-876-4296,Fiveclub
70-463-6597,Fadeo
10-038-3988,Edgeify
13-475-1009,Eayo
83-104-8425,Voomm
17-239-6309,Mydo
34-850-0377,Devbug
73-717-0190,Vinder
11-098-3982,Wikivu
21-490-8051,Dynabox
19-704-4404,Rooxo
11-146-9880,Quire
75-867-3635,Realcube
72-931-9828,Brainsphere
13-457-9946,Dabshots
73-625-5112,Yadel
80-863-1186,Riffwire
61-917-4271,Eadel
33-141-1402,Gigaclub
97-150-9199,Skynoodle
86-400-4155,Centidel
23-197-9965,Shufflester
95-889-8592,Mydeo
26-411-9126,Skajo
55-952-9832,Eidel
29-009-9132,Thoughtblab
39-339-3869,Bubblemix
01-445-8931,Thoughtblab
89-843-0880,Meemm
68-609-1972,Vinder
43-035-3382,Kanoodle
15-444-8224,Flipopia
33-898-6242,Realbridge
29-567-3732,Skyvu
95-200-1972,Jabberstorm
49-092-2735,Geba
76-671-7104,Linklinks
21-932-5200,Skimia
69-928-4929,Bubblemix
95-878-1614,Buzzshare
21-792-1000,Oyoyo
62-086-0407,Shufflester
60-386-5077,Eayo
90-445-1753,Yombu
82-235-9317,Meeveo
05-181-2682,Skidoo
02-156-7270,Meedoo
26-593-3478,Eire
34-334-6888,Topicstorm
84-923-5086,Tavu
11-096-4003,Trudeo
08-141-2402,Yotz
47-732-4446,Demizz
22-152-0111,Skippad
13-290-8513,Topiclounge
77-566-9826,Browsecat
67-922-3399,Feedbug
05-100-7102,Npath
51-666-7174,Skipfire
92-830-6986,Topicstorm
23-052-4744,Devpoint
95-148-9287,Skibox
78-459-1417,Gevee
47-509-7282,Meevee
06-151-9076,Bluezoom
70-212-0990,Gigaclub
26-213-7885,Photofeed
32-771-2617,Latz
56-554-1762,Cogibox
22-946-8052,Meevee
75-328-1709,Pixope
85-670-6379,Tanoodle
96-001-5429,Jaxspan
76-870-2139,Jayo
93-619-6639,Quamba
41-628-8713,Feedmix
80-848-7493,Zazio
71-991-5737,Izio
69-378-2045,Brainlounge
29-112-1577,Trilia
57-202-5756,Dazzlesphere
73-744-7022,Thoughtstorm
01-308-0960,Voolith
97-325-5889,Twitterbridge
93-719-9817,Feedfire
34-158-6684,Eidel
73-210-4267,Skimia
49-591-1019,JumpXS
27-636-1606,Kamba
08-490-1714,Skidoo
66-317-4895,Jabbertype
62-979-5038,Babbleopia
41-399-9203,Reallinks
39-676-9308,Tanoodle
40-417-9838,Vinder
18-085-1667,Shuffledrive
17-123-1252,Jetwire
41-800-2842,Topicshots
45-886-1540,Innojam
55-557-8544,Layo
58-827-9061,Youfeed
85-272-3969,Quatz
54-537-5633,Meeveo
29-975-3449,Wikizz
85-932-1011,Feedbug
40-914-7156,Katz
21-697-8128,Skalith
50-050-5707,Twitterbeat
97-994-0773,Zoovu
17-084-8551,Ozu
90-727-4816,Skyndu
42-252-5861,Yodo
32-914-1424,Tazz
63-924-5144,Omba
18-880-7910,DabZ
83-361-7509,Devpoint
61-222-8413,Viva
52-744-6162,Chatterbridge
22-644-6447,Quamba
65-395-5947,Bubblebox
35-042-9391,Rhynyx
78-381-5054,Zooveo
61-604-8116,BlogXS
68-200-8955,Mynte
48-562-3582,Flashspan
90-718-2724,Youspan
37-878-9392,Jetpulse
66-973-4855,Yodoo
65-797-3468,Skyndu
57-544-2465,Yoveo
86-760-5412,Linklinks
12-264-4503,Dynabox
00-680-5333,Kamba
89-226-5813,Eimbee
07-948-8632,Trunyx
04-786-5408,Buzzdog
77-175-2969,Zoonoodle
54-711-1582,Oyoloo
94-145-9423,Janyx
18-733-2453,Dynava
62-648-2577,Katz
43-348-2450,Eimbee
08-523-5066,Jaxspan
20-952-0731,Jaxspan
78-644-5877,Demimbu
57-486-8971,Tazz
07-959-3210,Browseblab
02-165-5779,Npath
59-595-7531,Roomm
64-118-1480,Buzzster
40-662-8853,Meembee
18-445-5057,Topicblab
88-108-3774,Gigashots
43-977-2343,Avaveo
39-521-8484,Thoughtsphere
91-030-6609,Fivebridge
27-292-4656,Zava
27-532-7847,Twitterbeat
95-778-2888,Quinu
56-050-1773,Photobean
50-378-4320,Chatterpoint
26-222-1156,Skinix
30-438-6295,InnoZ
14-483-5712,Fliptune
78-283-9751,Demivee
41-083-3955,Skipfire
12-431-9207,Oyondu
26-438-8349,Jatri
08-439-3820,Demivee
08-312-0872,Buzzshare
44-429-6199,Flashset
73-383-4390,Feedmix
14-703-2550,Jaxspan
93-712-3934,Flipbug
13-526-1392,Vimbo
20-426-2191,Dabvine
91-589-9007,Devshare
24-603-5521,Quinu
17-939-1338,Jamia
57-569-7172,Blognation
60-003-2919,Livepath
99-034-7010,Yata
54-907-6531,Demivee
90-554-0576,Kayveo
43-605-2448,Kamba
69-112-6969,Skajo
04-313-0298,Miboo
37-686-1726,Oba
72-649-3163,Thoughtstorm
00-900-0119,Zoonder
42-746-2717,Zava
55-156-6528,Topicblab
17-963-6051,Abata
79-508-5241,Avamba
73-201-2803,Feedfish
00-635-4638,Eidel
37-902-0286,Lazz
15-947-9718,Talane
90-175-7764,Bubblebox
43-880-2879,Quatz
67-662-3444,Mydeo
51-054-3811,BlogXS
29-143-2001,Aibox
12-983-3026,Mybuzz
86-709-5618,Rhynoodle
93-688-1260,Realblab
79-518-8344,Linktype
20-257-6927,Avamba
69-861-0313,Voomm
21-634-5781,Vipe
32-196-4714,Flipopia
35-906-1010,Jabbersphere
90-177-6733,Rhyloo
96-353-3049,Oozz
57-633-6273,Vimbo
26-073-5798,Oyoyo
15-739-5480,Tagfeed
87-840-7803,Jayo
19-156-3869,Camimbo
40-817-2222,Youfeed
61-907-0994,Skilith
38-310-4533,Omba
51-010-8144,Buzzster
82-266-1796,Skyba
30-460-3122,Shuffledrive
01-431-7544,Yodoo
65-068-1200,Gigashots
38-819-2922,Skynoodle
81-233-6894,Babblestorm
41-821-0197,Innojam
07-987-4536,Gigabox
48-450-4126,Yombu
10-295-7996,Trudeo
57-323-8059,Browsezoom
01-285-0018,Meezzy
69-289-8783,Wikibox
31-892-6816,Kwilith
13-179-9553,Babblestorm
06-315-0552,Jabbersphere
35-941-2585,DabZ
87-201-6047,Quinu
07-067-3439,Tanoodle
81-292-4650,Voolith
21-156-0102,Viva
96-012-3393,Eamia
78-787-7171,Quinu
52-062-2916,Kanoodle
14-427-6604,Leenti
14-325-9173,Yozio
16-656-4821,Camido
43-542-6868,Ainyx
82-482-3670,Gigabox
81-927-7236,Yakitri
91-191-2324,Thoughtbeat
96-609-6152,Thoughtblab
23-109-2205,Tagchat
64-528-9996,Realmix
54-749-3622,Devbug
02-057-9401,Meevee
96-786-0667,Edgewire
91-859-1733,Feedfish
21-829-0398,Edgewire
29-359-0109,Oozz
96-551-3929,Devbug
58-536-6583,Meevee
37-057-3553,Brightbean
54-659-1177,Twiyo
07-471-0050,Fiveclub
64-807-5250,Skalith
92-296-1266,Thoughtsphere
42-254-7371,Divape
56-231-2524,Wordpedia
23-280-1300,Lazz
69-087-6645,Linktype
18-743-4684,Browsecat
74-943-4552,Demivee
20-608-1290,Photospace
50-214-3802,Meembee
16-776-9987,Gevee
59-629-0798,Chatterpoint
14-231-9135,Izio
31-163-5871,Yodoo
49-247-1217,Lazz
63-836-1262,Talane
71-676-6562,Roombo
78-098-4468,Avaveo
04-456-0715,Abatz
19-978-0708,Oloo
97-155-1262,Katz
82-552-6786,Shufflester
91-216-7668,Cogilith
59-781-3399,Youtags
95-721-9228,Brightbean
39-464-7300,Rhycero
30-942-0054,Izio
42-201-4495,Plajo
74-119-5491,Feedfire
40-002-8400,Fliptune
35-462-7569,Devpulse
22-940-6543,Vipe
45-997-6429,Thoughtstorm
54-529-4459,Oyoba
88-647-5082,Quatz
27-838-4345,Thoughtblab
32-506-0556,Devpulse
83-936-5065,Photolist
24-087-5935,Browsebug
84-472-8001,Eimbee
61-755-4469,Digitube
45-471-5053,Blogtags
09-153-0763,Skibox
38-790-7081,Skinix
79-086-1717,Janyx
18-682-7828,Wordify
10-008-6747,Shuffletag
55-773-9118,Ozu
88-615-2915,Flashspan
33-523-9077,Gabspot
24-568-9517,Kwimbee
14-713-5795,Youfeed
19-418-7213,Camido
75-849-4524,Yata
28-461-1136,Youopia
75-906-1086,Demizz
98-304-8407,Rhyloo
50-305-3936,Twitterworks
61-867-3019,Dabtype
22-083-3504,Quire
27-060-9944,Topicshots
89-976-4338,Zoombox
89-048-3542,Chatterbridge
58-657-7257,Youspan
58-053-4926,Kazu
68-230-9130,Vinder
91-788-3177,Feedfire
63-683-7396,Livetube
32-458-6452,Zava
26-796-0872,Avavee
57-591-6452,Jabbersphere
70-444-9176,Yombu
06-569-4690,Feedspan
89-468-2696,Topiclounge
29-156-0691,Meeveo
22-836-5101,Livepath
27-557-2375,Roombo
02-530-5932,Edgewire
26-860-4618,Innotype
89-959-2254,Flipopia
31-524-1628,Jaxnation
80-068-0825,Devcast
84-498-3849,Vinte
58-087-3463,Yodo
97-055-2756,Janyx
19-809-5654,Abata
75-985-6744,Youbridge
65-403-0311,Feedmix
62-599-8388,Twinte
99-680-2351,Innojam
36-138-9045,Kazio
38-643-1626,Omba
01-665-0053,Zoovu
87-546-9674,Dynabox
29-273-1595,Vidoo
99-570-8162,Browsedrive
66-174-9633,Linkbridge
78-024-3286,Kanoodle
97-821-7402,Buzzshare
64-831-3071,Rhycero
42-523-1857,Twitterwire
93-699-8001,Skalith
75-365-7696,Talane
39-299-6093,Jabberstorm
18-065-8014,Pixonyx
96-393-1428,Jabbersphere
45-912-2948,Kwilith
14-486-5626,Skyndu
18-110-8314,Meevee
41-825-5869,Eimbee
68-596-5506,Tagpad
96-405-4286,Aivee
98-677-4279,Yamia
51-213-5660,Ainyx
40-436-0171,Gevee
91-127-7174,Dabshots
45-903-0036,Voonyx
09-489-6314,Jabbercube
46-041-1131,Photofeed
72-013-2438,Eidel
57-133-8386,Skinte
63-231-2829,Miboo
26-135-6134,Quatz
37-630-2250,Youbridge
57-204-2098,Rhynyx
39-284-1614,Eimbee
14-190-2260,Skiptube
64-489-8494,Meevee
90-447-5123,Trunyx
34-161-7429,Zoomlounge
94-453-3755,Blogspan
56-110-5754,Photobug
11-445-3951,Quinu
41-644-3129,Wordtune
95-715-6047,Dabtype
19-098-2529,Babblestorm
35-370-7603,Aimbu
19-893-7698,Pixoboo
69-472-4067,Meedoo
67-541-7091,Trudoo
40-443-3362,Realcube
50-862-4552,Kimia
25-190-3172,Jayo
62-766-8232,Riffpedia
62-044-8874,Babblestorm
67-404-3362,Skyndu
16-019-7101,Centimia
29-521-7910,Skivee
23-274-3305,Lazz
40-773-7065,Skilith
28-436-5158,Wikibox
27-996-8883,Skippad
74-062-7176,Dynazzy
68-885-5553,Zoovu
83-076-5024,Photobean
93-180-4005,Flipopia
41-978-3326,Oyonder
64-396-5538,Skidoo
56-965-0404,Brightbean
05-719-6858,Skimia
85-211-5357,Izio
47-687-2255,Katz
56-439-3559,Devpoint
10-540-5841,Realpoint
04-866-2231,Rhyzio
07-055-5188,Gigashots
22-307-4653,Photobug
72-024-1595,Quinu
42-976-2737,Edgeclub
08-912-0895,Meevee
42-638-2086,Shufflester
75-286-4153,Ntag
34-389-9922,Linklinks
17-359-2527,Yotz
44-388-2451,Skidoo
85-473-1534,Topdrive
55-838-9088,Cogilith
05-050-4384,Babblestorm
65-611-4749,Devcast
17-807-6972,Aibox
72-306-8602,Kwinu
76-712-0418,Photobug
12-140-7809,Quatz
61-912-9541,Realblab
88-428-6227,Photobean
64-361-4238,Rhycero
14-009-8505,Feedfire
03-257-4437,Trilia
13-109-8639,Katz
20-103-9525,Eare
19-875-5642,Devpulse
23-482-0516,Layo
26-454-7297,Dabfeed
72-784-3292,Skimia
11-742-5033,Blogpad
89-992-6472,Twimm
06-286-2758,Kwimbee
86-173-6891,Avamm
78-203-1075,Dynazzy
86-079-1525,Oyondu
54-919-9424,Dabtype
78-888-6073,Chatterbridge
86-487-3354,Centidel
91-632-7343,Layo
53-243-7800,Yakitri
23-688-6256,Trupe
33-733-7313,Livetube
61-424-7670,Yabox
52-012-3409,Skinix
82-470-7146,Mybuzz
42-080-6579,Wordtune
15-466-5131,Yabox
95-734-4024,Meevee
22-959-6357,Lajo
63-528-0643,Realcube
15-062-6342,Topiczoom
26-080-4944,Pixonyx
17-494-5505,Dabjam
69-832-7009,Meevee
26-920-6626,Buzzbean
58-945-2944,Vimbo
28-442-2578,Riffwire
07-578-7055,Shuffledrive
02-656-3112,Flashdog
15-550-0171,Vinder
58-213-1146,Twitterwire
53-749-6148,Topdrive
64-604-1679,Browsetype
67-252-3923,Lajo
41-713-1053,Vinder
16-474-4516,Brightdog
07-410-2867,Rooxo
70-064-6828,Tanoodle
94-261-1193,Browseblab
80-622-6587,Tagcat
94-958-6101,Twitterbeat
53-247-1844,Centimia
52-359-1255,Mycat
16-933-3355,Ntags
77-471-0792,Tekfly
18-260-7354,Realfire
43-575-2151,Geba
07-432-0137,Yadel
93-625-4768,Latz
79-656-1990,Yodo
80-462-5807,Gabspot
92-991-6167,Meeveo
60-394-8955,Cogidoo
51-054-1226,Centizu
54-132-9762,Flipopia
48-707-5857,Buzzdog
03-117-6217,Yakijo
40-800-4739,Voolith
61-807-0746,Edgetag
42-361-6981,Quimm
31-628-6696,Jabbersphere
98-107-0604,Wikido
51-519-4588,Tanoodle
66-883-2383,Bubblebox
49-608-3851,Thoughtmix
84-835-1656,Linklinks
19-264-7608,Jetwire
56-825-0880,Vidoo
77-842-0920,Quire
64-452-2395,Fivebridge
75-536-2986,Eabox
02-997-1489,LiveZ
98-591-1051,Vitz
91-417-6283,Shuffletag
27-493-6787,Photobug
82-527-9395,Meejo
01-210-3485,Brightbean
05-966-6460,Talane
66-227-1125,Devshare
62-011-9357,Quatz
64-584-7898,Zava
08-359-2568,Tagpad
06-776-1072,Trilia
20-201-5639,Zoombox
28-162-7486,Snaptags
07-754-2313,Topiclounge
05-727-0033,Quinu
33-466-7894,Yotz
45-923-7206,Flashset
38-330-5543,Eimbee
69-666-2257,Skidoo
40-260-8547,Abata
59-570-2020,Brainverse
29-774-6779,Twitterwire
86-879-7811,Zoomzone
85-594-2570,Topdrive
11-430-6041,Wordpedia
38-200-4863,Twitterlist
80-567-5598,Skipfire
14-414-1945,Voonder
03-220-5535,Skivee
29-821-5359,Babbleopia
79-219-8469,Einti
30-853-8580,Wikibox
08-218-9429,Aivee
88-418-3855,Jatri
44-495-6660,Jaxnation
51-600-6076,Skajo
56-969-3705,Feedfish
15-365-5585,Flipbug
97-143-0641,Yozio
72-509-7548,Dabjam
67-272-8844,Browsetype
78-629-7560,Meevee
33-265-4588,Linkbridge
79-704-1471,Avamm
83-941-9620,Rooxo
42-210-6541,Gabvine
34-724-1913,Yodel
42-579-7177,Voonte
75-369-5047,Rhyzio
30-605-2164,Tagcat
27-772-7906,Gigazoom
75-793-8978,Plajo
82-525-7224,Skipstorm
21-416-3796,Feednation
94-186-9620,Cogibox
64-752-3122,Divanoodle
49-762-8263,Skibox
53-718-1768,Devcast
81-072-8266,Quaxo
55-134-2668,Mybuzz
37-079-2530,Oba
56-823-5908,Livefish
03-882-3517,Kaymbo
95-484-3134,Yoveo
07-500-2023,Eimbee
63-522-2633,Skiptube
23-931-2988,Roodel
22-050-5775,Jaxworks
37-567-5710,Fanoodle
52-130-3457,Agivu
75-406-6250,Wikizz
21-450-5520,Digitube
98-587-7923,Bluejam
88-020-6814,Centizu
32-386-9832,Bluejam
82-930-7733,Miboo
60-508-7567,Fatz
99-178-0951,Meemm
39-257-6162,Youtags
43-979-2253,Dabjam
93-900-1170,Kwideo
40-180-0752,Oba
81-694-0300,Topicware
25-769-3792,Skaboo
29-542-9338,Rhybox
37-599-8579,BlogXS
89-159-0852,Eazzy
32-497-0478,Omba
74-729-7466,Skipfire
46-171-9624,Livetube
86-995-7254,Devpulse
99-553-6838,Skipfire
12-947-4739,Mybuzz
36-964-9838,Dynabox
11-031-9939,Centimia
50-877-0990,Mymm
53-497-9614,Jaxbean
00-487-2428,Meembee
95-241-9348,Fivebridge
53-998-1422,Kwideo
45-331-8563,Quaxo
90-998-1236,Vimbo
98-155-9583,Buzzshare
00-912-3545,Gigabox
87-570-0273,Blognation
40-070-5881,Topicstorm
94-903-2643,Devcast
50-747-2259,Jaloo
27-541-2645,Jaxspan
64-800-4141,BlogXS
93-793-4398,Twitterwire
13-433-4930,Gigashots
67-024-9832,LiveZ
20-532-0144,Buzzbean
28-314-1189,Shuffletag
37-994-7932,Skimia
01-900-4509,Jetpulse
61-100-8296,Yambee
00-023-7719,Kamba
32-178-2765,Abatz
74-032-7560,Wikido
49-384-4540,Blogpad
84-123-7159,Tazz
34-824-0575,Brainverse
73-830-9633,Blognation
70-402-4816,Kwilith
11-005-7835,Podcat
72-360-6358,Centimia
78-877-1866,Skyble
31-676-5646,Skyndu
34-738-1209,Photobug
04-854-7165,Digitube
79-955-6260,Tagpad
25-706-2146,Roodel
73-393-9432,Jabbercube
61-793-0279,Demimbu
09-902-6272,Shufflebeat
32-371-1686,Avaveo
23-450-0301,Gabspot
66-563-9462,Eire
64-674-3902,Thoughtblab
40-056-7748,Fivebridge
78-954-5649,Tambee
76-641-2070,Flashspan
33-546-5056,Yata
59-968-8346,Katz
34-303-5097,Jazzy
27-406-7972,Topdrive
36-451-3173,Topicware
69-460-9770,InnoZ
39-488-0039,Viva
80-328-4990,Dazzlesphere
05-779-0378,Wordware
55-269-1746,Camido
48-176-1622,Skinix
31-955-7362,Yodo
17-345-5800,Realblab
84-869-9980,Zazio
89-439-6947,Avavee
84-090-6472,Yodo
37-281-2537,Kwideo
41-772-9238,Realmix
34-667-8907,Thoughtbridge
35-000-6015,Aibox
41-007-0132,Twimm
74-357-2990,Twitternation
02-575-2074,Yabox
90-453-4096,Realmix
60-038-7810,Roomm
81-999-7392,Thoughtbeat
30-780-7583,Teklist
76-797-9430,Twitterbridge
28-521-7083,Centizu
30-410-3509,Gigashots
67-596-1997,Vitz
26-280-5472,Myworks
78-092-4768,Pixonyx
83-172-5527,Skaboo
65-620-9866,Quatz
85-454-9252,Gevee
75-448-1356,Wikido
29-968-4976,Katz
60-159-3514,Geba
72-002-3904,Photobug
91-215-9838,Bluezoom
40-515-1141,Kimia
75-256-5638,Tavu
54-724-8610,Rhyloo
78-379-0369,Gigashots
02-811-7933,Buzzbean
78-726-6352,Youfeed
58-226-6435,Browsecat
70-453-8646,Demimbu
55-251-3001,Quamba
37-921-2953,Thoughtworks
22-506-4911,Oloo
42-201-4328,Avaveo
70-591-9841,Livepath
63-057-0462,Jazzy
90-940-9550,Eabox
64-070-7611,Bubblebox
95-609-1485,Zoonder
61-382-5182,Blogpad
35-835-8848,Oyoloo
84-941-3034,Mybuzz
31-483-9201,Tagchat
25-790-1641,Kwimbee
56-196-9896,Tagopia
80-833-3051,Yakitri
10-950-0546,Camimbo
14-108-0409,Dabtype
74-619-4608,Roomm
34-014-5873,Skynoodle
74-119-8973,Centimia
30-820-2883,Voolia
61-040-9004,Voomm
46-830-4835,Mudo
75-553-7424,Youspan
01-495-9336,Bubblemix
66-684-1941,Wordware
48-557-5036,Quatz
53-799-3174,Mybuzz
98-558-5813,Eadel
16-869-7328,Omba
34-730-9079,Gigazoom
25-741-5987,Tagopia
03-983-0515,Wordpedia
39-506-2186,Jaxspan
83-780-4531,Fivebridge
39-055-1703,Zoozzy
28-465-9141,Tagopia
86-184-4829,Geba
51-215-2283,Einti
99-455-0707,Mudo
32-402-9679,Einti
49-559-7092,Shuffledrive
35-979-6839,Yoveo
46-316-6919,Linktype
47-026-0505,Vidoo
85-978-7855,Devbug
87-032-6971,Kanoodle
27-061-4764,Devpulse
71-300-8176,Topicblab
47-831-9154,Trunyx
79-366-7207,Zoombeat
38-603-6412,Voolia
89-574-3430,Kayveo
99-145-4924,Jayo
65-160-1426,Ooba
29-122-7037,Kazu
44-760-4337,Jatri
15-655-3923,Browsezoom
56-422-1480,Jaxworks
94-157-1762,Devpulse
30-934-3251,Rhybox
37-519-7762,Plajo
69-416-9493,Katz
39-714-7313,Yakidoo
46-590-7639,Youopia
62-312-2748,Camido
81-676-3345,Gabvine
79-091-7381,Katz
95-944-5323,Browsetype
57-774-4116,Tagcat
28-977-3789,Skidoo
60-959-6355,Zoonder
32-745-8366,Rhynoodle
83-401-2709,Youbridge
49-901-0828,Fivespan
96-918-7047,Topicshots
29-295-9755,Eare
44-199-6832,Jetpulse
98-791-5014,Voonder
41-881-1166,Rhyloo
44-646-7502,Kare
08-824-4585,Viva
35-927-4986,Photospace
82-313-4469,Skibox
51-076-1164,Ozu
81-276-8218,Jaxworks
48-538-8538,Tagtune
01-165-8830,Babbleblab
26-730-0925,Devshare
10-694-6636,Aivee
86-441-7850,Skalith
07-520-1107,Devshare
12-566-2563,Twitterwire
84-949-8378,Twitterwire
31-281-2352,Riffwire
02-510-0629,Eidel
60-309-5783,Zoovu
91-451-2016,Ooba
39-412-7454,Geba
04-391-8892,Kanoodle
62-687-0951,Oyondu
70-825-7341,Chatterpoint
71-467-4910,Babbleset
37-728-5274,Flipbug
68-493-0378,Innojam
11-466-3182,Demivee
52-340-4509,Ainyx
73-445-3017,Jazzy
45-602-6533,Devpoint
01-853-2191,Bubblemix
60-284-1974,Quatz
63-969-9608,Meetz
91-002-3027,Flipopia
17-167-4304,Livetube
81-588-5701,Thoughtmix
43-679-7350,Lajo
37-996-3243,Trilith
82-157-4299,Jabbersphere
90-378-8463,Twitterbeat
48-700-8059,Feedfire
00-258-2525,Thoughtbeat
41-867-9911,Youbridge
66-680-8738,Gigaclub
26-061-5253,Trupe
17-546-8875,Meejo
44-451-2764,Katz
85-823-7428,Skimia
40-907-4937,Voonder
06-175-9657,Babblestorm
12-433-6490,Rhyzio
09-387-1119,Mudo
59-979-6740,Brightdog
97-571-0561,Bubblemix
96-177-4040,Kayveo
18-490-4140,Skaboo
69-415-3675,Thoughtbeat
34-315-1199,Youbridge
49-590-1752,Quaxo
19-985-9694,Wikizz
68-415-1025,Yambee
17-562-1176,Blogtag
57-412-5368,Jetpulse
67-674-0287,Camido
87-159-6467,Voolith
94-006-6480,Dynava
86-841-6074,Skyba
86-841-4440,Yamia
82-995-0739,BlogXS
81-234-0741,Jabberstorm
99-864-0256,Rhyloo
57-473-8672,Shuffledrive
93-877-9384,Gabcube
96-215-2767,Lajo
77-783-4107,Dazzlesphere
93-358-1118,Yakijo
